13,Baby Boomer,Business and Financial Operations Occupations,1099023,1225149,126126,11.48,15.43,17,13-1011,"Agents and Business Managers of Artists, Performers, and Athletes",1928,2193,265,13.74,9.24,10,0.76,320,265,2,Millennial Growth,53,44
13,Millennial,Business and Financial Operations Occupations,1992479,1981010,-11469,-0.58,27.97,27,13-1011,"Agents and Business Managers of Artists, Performers, and Athletes",7711,8031,320,4.15,36.94,37,0.06,320,265,2,Millennial Growth,53,44
45,Baby Boomer,"Farming, Fishing, and Forestry Occupations",116155,124627,8472,7.29,10.38,11,45-2099,"Agricultural Workers, All Other",1121,1259,138,12.31,7.22,8,0.78,258,138,2,Millennial Growth,43,23
45,Millennial,"Farming, Fishing, and Forestry Occupations",322034,337045,15011,4.66,28.77,30,45-2099,"Agricultural Workers, All Other",5452,5710,258,4.73,35.13,35,-0.13,258,138,2,Millennial Growth,43,23
53,Baby Boomer,Transportation and Material Moving Occupations,1374052,1505802,131750,9.59,13.78,16,53-2011,"Airline Pilots, Copilots, and Flight Engineers",11375,13742,2367,20.81,16.14,20,3.86,-1522,2367,0,Millennial Exit,-254,395
53,Millennial,Transportation and Material Moving Occupations,2524305,2379228,-145077,-5.75,25.32,26,53-2011,"Airline Pilots, Copilots, and Flight Engineers",11591,10069,-1522,-13.13,16.45,15,-1.45,-1522,2367,0,Millennial Exit,-254,395
45,Millennial,"Farming, Fishing, and Forestry Occupations",322034,337045,15011,4.66,28.77,30,45-2021,Animal Breeders,1620,1645,25,1.54,39.32,41,1.68,25,20,2,Millennial Growth,4,3
45,Baby Boomer,"Farming, Fishing, and Forestry Occupations",116155,124627,8472,7.29,10.38,11,45-2021,Animal Breeders,248,268,20,8.06,6.01,7,0.99,25,20,2,Millennial Growth,4,3
23,Millennial,Legal Occupations,335642,320408,-15234,-4.54,25.76,26,23-1022,"Arbitrators, Mediators, and Conciliators",1440,1400,-40,-2.78,17.54,17,-0.54,-40,-7,NULL,Shrinking,-7,-1
23,Baby Boomer,Legal Occupations,214033,222448,8415,3.93,16.43,18,23-1022,"Arbitrators, Mediators, and Conciliators",1586,1579,-7,-0.44,19.33,20,0.67,-40,-7,NULL,Shrinking,-7,-1
19,Millennial,"Life, Physical, and Social Science Occupations",312140,328219,16079,5.15,26.96,27,19-2021,Atmospheric and Space Scientists,2961,3148,187,6.32,29.74,29,-0.74,187,250,1,Millennial Exit,31,42
19,Baby Boomer,"Life, Physical, and Social Science Occupations",189040,214879,25839,13.67,16.33,18,19-2021,Atmospheric and Space Scientists,1478,1728,250,16.91,14.84,16,1.16,187,250,1,Millennial Exit,31,42
49,Baby Boomer,"Installation, Maintenance, and Repair Occupations",865447,946602,81155,9.38,14.61,17,49-3091,Bicycle Repairers,423,497,74,17.49,4.05,5,0.95,1044,74,15,Millennial Growth,174,12
49,Millennial,"Installation, Maintenance, and Repair Occupations",1453597,1378460,-75137,-5.17,24.53,24,49-3091,Bicycle Repairers,4461,5505,1044,23.4,42.73,51,8.27,1044,74,15,Millennial Growth,174,12
43,Baby Boomer,Office and Administrative Support Occupations,3591385,3937939,346554,9.65,14.97,17,43-3021,Billing and Posting Clerks,69110,82372,13262,19.19,13.63,16,2.37,2146,13262,1,Millennial Exit,358,2210
43,Millennial,Office and Administrative Support Occupations,6630203,6389681,-240522,-3.63,27.63,27,43-3021,Billing and Posting Clerks,146140,148286,2146,1.47,28.82,29,0.18,2146,13262,1,Millennial Exit,358,2210
53,Millennial,Transportation and Material Moving Occupations,2524305,2379228,-145077,-5.75,25.32,26,53-3022,"Bus Drivers, School or Special Client ",84458,81428,-3030,-3.59,17.85,17,-0.85,-3030,5373,0,Millennial Exit,-505,896
53,Baby Boomer,Transportation and Material Moving Occupations,1374052,1505802,131750,9.59,13.78,16,53-3022,"Bus Drivers, School or Special Client ",102158,107531,5373,5.26,21.6,23,1.4,-3030,5373,0,Millennial Exit,-505,896
27,Baby Boomer,"Arts, Design, Entertainment, Sports, and Media Occupations",355964,374103,18139,5.1,13.26,14,27-4031,"Camera Operators, Television, Video, and Motion Picture",1843,2177,334,18.12,8.21,10,1.79,-228,334,0,Millennial Exit,-38,56
27,Millennial,"Arts, Design, Entertainment, Sports, and Media Occupations",814043,788864,-25179,-3.09,30.31,30,27-4031,"Camera Operators, Television, Video, and Motion Picture",7642,7414,-228,-2.98,34.06,34,-0.06,-228,334,0,Millennial Exit,-38,56
51,Baby Boomer,Production Occupations,1461071,1531321,70250,4.81,14.43,17,51-8091,Chemical Plant and System Operators,8183,9312,1129,13.8,19.78,24,4.22,-64,1129,0,Millennial Exit,-11,188
51,Millennial,Production Occupations,2484504,2167981,-316523,-12.74,24.53,24,51-8091,Chemical Plant and System Operators,6516,6452,-64,-0.98,15.75,17,1.25,-64,1129,0,Millennial Exit,-11,188
19,Millennial,"Life, Physical, and Social Science Occupations",312140,328219,16079,5.15,26.96,27,19-2031,Chemists,24464,22725,-1739,-7.11,27.69,26,-1.69,-1739,1967,0,Millennial Exit,-290,328
19,Baby Boomer,"Life, Physical, and Social Science Occupations",189040,214879,25839,13.67,16.33,18,19-2031,Chemists,12196,14163,1967,16.13,13.81,16,2.19,-1739,1967,0,Millennial Exit,-290,328
11,Millennial,Management Occupations,1555952,1461670,-94282,-6.06,18.59,18,11-1011,Chief Executives,27584,24541,-3043,-11.03,8.29,8,-0.29,-3043,501,-6,Millennial Exit,-507,84
11,Baby Boomer,Management Occupations,1465399,1506812,41413,2.83,17.5,19,11-1011,Chief Executives,78636,79137,501,0.64,23.64,26,2.36,-3043,501,-6,Millennial Exit,-507,84
15,Baby Boomer,Computer and Mathematical Occupations,372843,446730,73887,19.82,10.12,11,15-1111,Computer and Information Research Scientists,3357,3952,595,17.72,13.54,15,1.46,415,595,1,Millennial Exit,69,99
15,Millennial,Computer and Mathematical Occupations,1205652,1230220,24568,2.04,32.73,32,15-1111,Computer and Information Research Scientists,7470,7885,415,5.56,30.14,29,-1.14,415,595,1,Millennial Exit,69,99
15,Millennial,Computer and Mathematical Occupations,1205652,1230220,24568,2.04,32.73,32,15-1143,Computer Network Architects,48665,46407,-2258,-4.64,33.22,32,-1.22,-2258,1606,-1,Millennial Exit,-376,268
15,Baby Boomer,Computer and Mathematical Occupations,372843,446730,73887,19.82,10.12,11,15-1143,Computer Network Architects,11656,13262,1606,13.78,7.96,9,1.04,-2258,1606,-1,Millennial Exit,-376,268
19,Millennial,"Life, Physical, and Social Science Occupations",312140,328219,16079,5.15,26.96,27,19-1031,Conservation Scientists,4375,4619,244,5.58,21.18,22,0.82,244,339,1,Millennial Exit,41,57
19,Baby Boomer,"Life, Physical, and Social Science Occupations",189040,214879,25839,13.67,16.33,18,19-1031,Conservation Scientists,3663,4002,339,9.25,17.73,19,1.27,244,339,1,Millennial Exit,41,57
11,Millennial,Management Occupations,1555952,1461670,-94282,-6.06,18.59,18,11-9021,Construction Managers,94581,66769,-27812,-29.41,18.03,17,-1.03,-27812,-19203,NULL,Shrinking,-4635,-3201
11,Baby Boomer,Management Occupations,1465399,1506812,41413,2.83,17.5,19,11-9021,Construction Managers,87531,68328,-19203,-21.94,16.69,18,1.31,-27812,-19203,NULL,Shrinking,-4635,-3201
21,Millennial,Community and Social Service Occupations,571034,615626,44592,7.81,25.21,26,21-1019,"Counselors, All Other",8163,8642,479,5.87,26.65,27,0.35,479,557,1,Millennial Exit,80,93
21,Baby Boomer,Community and Social Service Occupations,419589,457468,37879,9.03,18.52,19,21-1019,"Counselors, All Other",5748,6305,557,9.69,18.77,20,1.23,479,557,1,Millennial Exit,80,93
23,Baby Boomer,Legal Occupations,214033,222448,8415,3.93,16.43,18,23-2091,Court Reporters,4716,4622,-94,-1.99,15.78,16,0.22,-168,-94,NULL,Shrinking,-28,-16
23,Millennial,Legal Occupations,335642,320408,-15234,-4.54,25.76,26,23-2091,Court Reporters,5750,5582,-168,-2.92,19.24,19,-0.24,-168,-94,NULL,Shrinking,-28,-16
25,Millennial,"Education, Training, and Library Occupations",2051515,2114982,63467,3.09,23.88,25,25-4012,Curators,2323,2744,421,18.12,24.58,26,1.42,421,352,2,Millennial Growth,70,59
25,Baby Boomer,"Education, Training, and Library Occupations",1666597,1697604,31007,1.86,19.4,19,25-4012,Curators,1909,2261,352,18.44,20.2,22,1.8,421,352,2,Millennial Growth,70,59
47,Millennial,Construction and Extraction Occupations,2494960,2016673,-478287,-19.17,30.68,29,47-5011,"Derrick Operators, Oil and Gas",7812,12457,4645,59.46,49.5,53,3.5,4645,487,10,Millennial Growth,774,81
47,Baby Boomer,Construction and Extraction Occupations,853148,827748,-25400,-2.98,10.49,12,47-5011,"Derrick Operators, Oil and Gas",545,1032,487,89.36,3.45,4,0.55,4645,487,10,Millennial Growth,774,81
51,Baby Boomer,Production Occupations,1461071,1531321,70250,4.81,14.43,17,51-4032,"Drilling and Boring Machine Tool Setters, Operators, and Tenders, Metal and Plastic",5657,5828,171,3.02,23.65,28,4.35,-1128,171,-6,Millennial Exit,-188,29
51,Millennial,Production Occupations,2484504,2167981,-316523,-12.74,24.53,24,51-4032,"Drilling and Boring Machine Tool Setters, Operators, and Tenders, Metal and Plastic",6506,5378,-1128,-17.34,27.2,26,-1.2,-1128,171,-6,Millennial Exit,-188,29
11,Millennial,Management Occupations,1555952,1461670,-94282,-6.06,18.59,18,11-9031,"Education Administrators, Preschool and Childcare Center/Program",15968,15806,-162,-1.01,23.12,24,0.88,-162,249,0,Millennial Exit,-27,42
11,Baby Boomer,Management Occupations,1465399,1506812,41413,2.83,17.5,19,11-9031,"Education Administrators, Preschool and Childcare Center/Program",14075,14324,249,1.77,20.38,21,0.62,-162,249,0,Millennial Exit,-27,42
21,Baby Boomer,Community and Social Service Occupations,419589,457468,37879,9.03,18.52,19,21-1012,"Educational, Guidance, School, and Vocational Counselors",46396,48104,1708,3.68,20.03,20,-0.03,3408,1708,2,Millennial Growth,568,285
21,Millennial,Community and Social Service Occupations,571034,615626,44592,7.81,25.21,26,21-1012,"Educational, Guidance, School, and Vocational Counselors",58961,62369,3408,5.78,25.45,26,0.55,3408,1708,2,Millennial Growth,568,285
17,Millennial,Architecture and Engineering Occupations,662470,593064,-69406,-10.48,24.96,24,17-3023,Electrical and Electronics Engineering Technicians,33080,29731,-3349,-10.12,20.96,20,-0.96,-3349,2125,-1,Millennial Exit,-558,354
17,Baby Boomer,Architecture and Engineering Occupations,422861,462564,39703,9.39,15.93,18,17-3023,Electrical and Electronics Engineering Technicians,26228,28353,2125,8.1,16.62,19,2.38,-3349,2125,-1,Millennial Exit,-558,354
25,Millennial,"Education, Training, and Library Occupations",2051515,2114982,63467,3.09,23.88,25,25-2021,"Elementary School Teachers, Except Special Education",296417,305103,8686,2.93,22.24,22,-0.24,8686,3984,3,Millennial Growth,1448,664
25,Baby Boomer,"Education, Training, and Library Occupations",1666597,1697604,31007,1.86,19.4,19,25-2021,"Elementary School Teachers, Except Special Education",279790,283774,3984,1.42,20.99,21,0.01,8686,3984,3,Millennial Growth,1448,664
17,Baby Boomer,Architecture and Engineering Occupations,422861,462564,39703,9.39,15.93,18,17-3025,Environmental Engineering Technicians,2691,3263,572,21.26,14.62,17,2.38,155,572,1,Millennial Exit,26,95
17,Millennial,Architecture and Engineering Occupations,662470,593064,-69406,-10.48,24.96,24,17-3025,Environmental Engineering Technicians,4332,4487,155,3.58,23.53,23,-0.53,155,572,1,Millennial Exit,26,95
43,Millennial,Office and Administrative Support Occupations,6630203,6389681,-240522,-3.63,27.63,27,43-6011,Executive Secretaries and Executive Administrative Assistants,210699,197658,-13041,-6.19,24.08,23,-1.08,-13041,15869,0,Millennial Exit,-2174,2645
43,Baby Boomer,Office and Administrative Support Occupations,3591385,3937939,346554,9.65,14.97,17,43-6011,Executive Secretaries and Executive Administrative Assistants,158686,174555,15869,10,18.13,20,1.87,-13041,15869,0,Millennial Exit,-2174,2645
49,Baby Boomer,"Installation, Maintenance, and Repair Occupations",865447,946602,81155,9.38,14.61,17,49-9093,"Fabric Menders, Except Garment",97,79,-18,-18.56,8.91,10,1.09,NULL,-18,NULL,Shrinking,NULL,-3
43,Millennial,Office and Administrative Support Occupations,6630203,6389681,-240522,-3.63,27.63,27,43-4071,File Clerks,48964,45564,-3400,-6.94,25.49,26,0.51,-3400,1993,-1,Millennial Exit,-567,332
43,Baby Boomer,Office and Administrative Support Occupations,3591385,3937939,346554,9.65,14.97,17,43-4071,File Clerks,25581,27574,1993,7.79,13.32,16,2.68,-3400,1993,-1,Millennial Exit,-567,332
41,Millennial,Sales and Related Occupations,4431037,4504482,73445,1.66,27.02,28,41-1011,First-Line Supervisors of Retail Sales Workers,469529,475614,6085,1.3,29.81,32,2.19,6085,1096,6,Millennial Growth,1014,183
41,Baby Boomer,Sales and Related Occupations,2093226,2275446,182220,8.71,12.76,14,41-1011,First-Line Supervisors of Retail Sales Workers,210784,211880,1096,0.52,13.38,14,0.62,6085,1096,6,Millennial Growth,1014,183
51,Millennial,Production Occupations,2484504,2167981,-316523,-12.74,24.53,24,51-3093,Food Cooking Machine Operators and Tenders,8685,8972,287,3.3,25.84,27,1.16,287,822,1,Millennial Exit,48,137
51,Baby Boomer,Production Occupations,1461071,1531321,70250,4.81,14.43,17,51-3093,Food Cooking Machine Operators and Tenders,3912,4734,822,21.01,11.64,14,2.36,287,822,1,Millennial Exit,48,137
51,Baby Boomer,Production Occupations,1461071,1531321,70250,4.81,14.43,17,51-4071,Foundry Mold and Coremakers,2521,2412,-109,-4.32,16.5,20,3.5,-789,-109,NULL,Shrinking,-132,-18
51,Millennial,Production Occupations,2484504,2167981,-316523,-12.74,24.53,24,51-4071,Foundry Mold and Coremakers,3557,2768,-789,-22.18,23.28,23,-0.28,-789,-109,NULL,Shrinking,-132,-18
39,Baby Boomer,Personal Care and Service Occupations,688295,808370,120075,17.45,13.14,14,39-3011,Gaming Dealers,15693,16884,1191,7.59,15.3,16,0.7,104,1191,1,Millennial Exit,17,199
39,Millennial,Personal Care and Service Occupations,1451425,1654558,203133,14,27.7,29,39-3011,Gaming Dealers,25785,25889,104,0.4,25.15,25,-0.15,104,1191,1,Millennial Exit,17,199
33,Millennial,Protective Service Occupations,799790,828819,29029,3.63,23.88,24,33-9031,Gaming Surveillance Officers and Gaming Investigators,2266,2345,79,3.49,22.7,24,1.3,79,85,1,Millennial Exit,13,14
33,Baby Boomer,Protective Service Occupations,549128,564740,15612,2.84,16.39,17,33-9031,Gaming Surveillance Officers and Gaming Investigators,1701,1786,85,5,17.04,18,0.96,79,85,1,Millennial Exit,13,14
19,Baby Boomer,"Life, Physical, and Social Science Occupations",189040,214879,25839,13.67,16.33,18,19-3092,Geographers,205,252,47,22.93,14.41,15,0.59,85,47,2,Millennial Growth,14,8
19,Millennial,"Life, Physical, and Social Science Occupations",312140,328219,16079,5.15,26.96,27,19-3092,Geographers,409,494,85,20.78,28.8,29,0.2,85,47,2,Millennial Growth,14,8
19,Baby Boomer,"Life, Physical, and Social Science Occupations",189040,214879,25839,13.67,16.33,18,19-2042,"Geoscientists, Except Hydrologists and Geographers",5493,7143,1650,30.04,15.76,18,2.24,1394,1650,1,Millennial Exit,232,275
19,Millennial,"Life, Physical, and Social Science Occupations",312140,328219,16079,5.15,26.96,27,19-2042,"Geoscientists, Except Hydrologists and Geographers",10146,11540,1394,13.74,29.1,30,0.9,1394,1650,1,Millennial Exit,232,275
47,Baby Boomer,Construction and Extraction Occupations,853148,827748,-25400,-2.98,10.49,12,47-4041,Hazardous Materials Removal Workers,2602,3386,784,30.13,7.04,9,1.96,226,784,1,Millennial Exit,38,131
47,Millennial,Construction and Extraction Occupations,2494960,2016673,-478287,-19.17,30.68,29,47-4041,Hazardous Materials Removal Workers,12722,12948,226,1.78,34.44,34,-0.44,226,784,1,Millennial Exit,38,131
53,Baby Boomer,Transportation and Material Moving Occupations,1374052,1505802,131750,9.59,13.78,16,53-3032,Heavy and Tractor-Trailer Truck Drivers,328692,349422,20730,6.31,16.91,19,2.09,-45785,20730,-2,Millennial Exit,-7631,3455
53,Millennial,Transportation and Material Moving Occupations,2524305,2379228,-145077,-5.75,25.32,26,53-3032,Heavy and Tractor-Trailer Truck Drivers,369694,323909,-45785,-12.38,19.02,18,-1.02,-45785,20730,-2,Millennial Exit,-7631,3455
47,Baby Boomer,Construction and Extraction Occupations,853148,827748,-25400,-2.98,10.49,12,47-4051,Highway Maintenance Workers,25786,25537,-249,-0.97,17.46,18,0.54,-779,-249,NULL,Shrinking,-130,-42
47,Millennial,Construction and Extraction Occupations,2494960,2016673,-478287,-19.17,30.68,29,47-4051,Highway Maintenance Workers,30894,30115,-779,-2.52,20.91,21,0.09,-779,-249,NULL,Shrinking,-130,-42
49,Millennial,"Installation, Maintenance, and Repair Occupations",1453597,1378460,-75137,-5.17,24.53,24,49-9031,Home Appliance Repairers,12037,9329,-2708,-22.5,25.38,22,-3.38,-2708,1437,-1,Millennial Exit,-451,240
49,Baby Boomer,"Installation, Maintenance, and Repair Occupations",865447,946602,81155,9.38,14.61,17,49-9031,Home Appliance Repairers,6037,7474,1437,23.8,12.73,18,5.27,-2708,1437,-1,Millennial Exit,-451,240
17,Millennial,Architecture and Engineering Occupations,662470,593064,-69406,-10.48,24.96,24,17-3026,Industrial Engineering Technicians,14238,12394,-1844,-12.95,19,18,-1,-1844,1203,-1,Millennial Exit,-307,201
17,Baby Boomer,Architecture and Engineering Occupations,422861,462564,39703,9.39,15.93,18,17-3026,Industrial Engineering Technicians,12420,13623,1203,9.69,16.58,20,3.42,-1844,1203,-1,Millennial Exit,-307,201
49,Millennial,"Installation, Maintenance, and Repair Occupations",1453597,1378460,-75137,-5.17,24.53,24,49-9041,Industrial Machinery Mechanics,56747,58338,1591,2.8,18.16,18,-0.16,1591,11111,1,Millennial Exit,265,1852
49,Baby Boomer,"Installation, Maintenance, and Repair Occupations",865447,946602,81155,9.38,14.61,17,49-9041,Industrial Machinery Mechanics,56704,67815,11111,19.59,18.15,21,2.85,1591,11111,1,Millennial Exit,265,1852
49,Millennial,"Installation, Maintenance, and Repair Occupations",1453597,1378460,-75137,-5.17,24.53,24,49-9099,"Installation, Maintenance, and Repair Workers, All Other",44986,43523,-1463,-3.25,25.61,26,0.39,-1463,1479,0,Millennial Exit,-244,247
49,Baby Boomer,"Installation, Maintenance, and Repair Occupations",865447,946602,81155,9.38,14.61,17,49-9099,"Installation, Maintenance, and Repair Workers, All Other",25208,26687,1479,5.87,14.35,16,1.65,-1463,1479,0,Millennial Exit,-244,247
51,Baby Boomer,Production Occupations,1461071,1531321,70250,4.81,14.43,17,51-9071,Jewelers and Precious Stone and Metal Workers,6792,6071,-721,-10.62,16.39,18,1.61,-1495,-721,NULL,Shrinking,-249,-120
51,Millennial,Production Occupations,2484504,2167981,-316523,-12.74,24.53,24,51-9071,Jewelers and Precious Stone and Metal Workers,7217,5722,-1495,-20.71,17.42,17,-0.42,-1495,-721,NULL,Shrinking,-249,-120
25,Millennial,"Education, Training, and Library Occupations",2051515,2114982,63467,3.09,23.88,25,25-2012,"Kindergarten Teachers, Except Special Education",37377,38880,1503,4.02,24.22,25,0.78,1503,418,4,Millennial Growth,251,70
25,Baby Boomer,"Education, Training, and Library Occupations",1666597,1697604,31007,1.86,19.4,19,25-2012,"Kindergarten Teachers, Except Special Education",30237,30655,418,1.38,19.6,20,0.4,1503,418,4,Millennial Growth,251,70
53,Baby Boomer,Transportation and Material Moving Occupations,1374052,1505802,131750,9.59,13.78,16,53-7062,"Laborers and Freight, Stock, and Material Movers, Hand",232847,260922,28075,12.06,9.66,12,2.34,-35358,28075,-1,Millennial Exit,-5893,4679
53,Millennial,Transportation and Material Moving Occupations,2524305,2379228,-145077,-5.75,25.32,26,53-7062,"Laborers and Freight, Stock, and Material Movers, Hand",760334,724976,-35358,-4.65,31.54,32,0.46,-35358,28075,-1,Millennial Exit,-5893,4679
19,Baby Boomer,"Life, Physical, and Social Science Occupations",189040,214879,25839,13.67,16.33,18,19-1099,"Life Scientists, All Other",1007,1123,116,11.52,10.95,12,1.05,51,116,1,Millennial Exit,9,19
19,Millennial,"Life, Physical, and Social Science Occupations",312140,328219,16079,5.15,26.96,27,19-1099,"Life Scientists, All Other",2287,2338,51,2.23,24.87,25,0.13,51,116,1,Millennial Exit,9,19
49,Baby Boomer,"Installation, Maintenance, and Repair Occupations",865447,946602,81155,9.38,14.61,17,49-9094,Locksmiths and Safe Repairers,4637,4886,249,5.37,20.69,21,0.31,365,249,2,Millennial Growth,61,42
49,Millennial,"Installation, Maintenance, and Repair Occupations",1453597,1378460,-75137,-5.17,24.53,24,49-9094,Locksmiths and Safe Repairers,4731,5096,365,7.72,21.11,23,1.89,365,249,2,Millennial Growth,61,42
13,Millennial,Business and Financial Operations Occupations,1992479,1981010,-11469,-0.58,27.97,27,13-1081,Logisticians,31701,34911,3210,10.13,28.29,27,-1.29,3210,5598,1,Millennial Exit,535,933
13,Baby Boomer,Business and Financial Operations Occupations,1099023,1225149,126126,11.48,15.43,17,13-1081,Logisticians,18517,24115,5598,30.23,16.53,19,2.47,3210,5598,1,Millennial Exit,535,933
13,Millennial,Business and Financial Operations Occupations,1992479,1981010,-11469,-0.58,27.97,27,13-1161,Market Research Analysts and Marketing Specialists,142216,160189,17973,12.64,37.39,37,-0.39,17973,11995,2,Millennial Growth,2996,1999
13,Baby Boomer,Business and Financial Operations Occupations,1099023,1225149,126126,11.48,15.43,17,13-1161,Market Research Analysts and Marketing Specialists,36031,48026,11995,33.29,9.47,11,1.53,17973,11995,2,Millennial Growth,2996,1999
49,Millennial,"Installation, Maintenance, and Repair Occupations",1453597,1378460,-75137,-5.17,24.53,24,49-9011,Mechanical Door Repairers,6370,4725,-1645,-25.82,30.5,29,-1.5,-1645,37,-45,Millennial Exit,-274,6
49,Baby Boomer,"Installation, Maintenance, and Repair Occupations",865447,946602,81155,9.38,14.61,17,49-9011,Mechanical Door Repairers,2382,2419,37,1.55,11.4,15,3.6,-1645,37,-45,Millennial Exit,-274,6
29,Baby Boomer,Healthcare Practitioners and Technical Occupations,1161066,1413668,252602,21.76,15.49,17,29-2071,Medical Records and Health Information Technicians,29397,36520,7123,24.23,16.74,19,2.26,4132,7123,1,Millennial Exit,689,1187
29,Millennial,Healthcare Practitioners and Technical Occupations,1944312,2157397,213085,10.96,25.94,27,29-2071,Medical Records and Health Information Technicians,45351,49483,4132,9.11,25.83,26,0.17,4132,7123,1,Millennial Exit,689,1187
19,Baby Boomer,"Life, Physical, and Social Science Occupations",189040,214879,25839,13.67,16.33,18,19-1042,"Medical Scientists, Except Epidemiologists",9689,12722,3033,31.3,11.48,13,1.52,4206,3033,2,Millennial Growth,701,506
19,Millennial,"Life, Physical, and Social Science Occupations",312140,328219,16079,5.15,26.96,27,19-1042,"Medical Scientists, Except Epidemiologists",24733,28939,4206,17.01,29.31,29,-0.31,4206,3033,2,Millennial Growth,701,506
43,Millennial,Office and Administrative Support Occupations,6630203,6389681,-240522,-3.63,27.63,27,43-6013,Medical Secretaries,108047,127966,19919,18.44,23.78,24,0.22,19919,31483,1,Millennial Exit,3320,5247
43,Baby Boomer,Office and Administrative Support Occupations,3591385,3937939,346554,9.65,14.97,17,43-6013,Medical Secretaries,81148,112631,31483,38.8,17.86,21,3.14,19919,31483,1,Millennial Exit,3320,5247
13,Baby Boomer,Business and Financial Operations Occupations,1099023,1225149,126126,11.48,15.43,17,13-1121,"Meeting, Convention, and Event Planners",7661,10731,3070,40.07,10.8,12,1.2,5788,3070,2,Millennial Growth,965,512
13,Millennial,Business and Financial Operations Occupations,1992479,1981010,-11469,-0.58,27.97,27,13-1121,"Meeting, Convention, and Event Planners",26845,32633,5788,21.56,37.84,38,0.16,5788,3070,2,Millennial Growth,965,512
21,Baby Boomer,Community and Social Service Occupations,419589,457468,37879,9.03,18.52,19,21-1023,Mental Health and Substance Abuse Social Workers,17935,21088,3153,17.58,16.34,18,1.66,3830,3153,2,Millennial Growth,638,526
21,Millennial,Community and Social Service Occupations,571034,615626,44592,7.81,25.21,26,21-1023,Mental Health and Substance Abuse Social Workers,33107,36937,3830,11.57,30.17,31,0.83,3830,3153,2,Millennial Growth,638,526
41,Millennial,Sales and Related Occupations,4431037,4504482,73445,1.66,27.02,28,41-9012,Models,2602,2618,16,0.61,27.32,28,0.68,16,103,1,Millennial Exit,3,17
41,Baby Boomer,Sales and Related Occupations,2093226,2275446,182220,8.71,12.76,14,41-9012,Models,812,915,103,12.68,8.52,10,1.48,16,103,1,Millennial Exit,3,17
53,Millennial,Transportation and Material Moving Occupations,2524305,2379228,-145077,-5.75,25.32,26,53-3099,"Motor Vehicle Operators, All Other",10685,10424,-261,-2.44,15.77,15,-0.77,-261,1213,0,Millennial Exit,-44,202
53,Baby Boomer,Transportation and Material Moving Occupations,1374052,1505802,131750,9.59,13.78,16,53-3099,"Motor Vehicle Operators, All Other",13318,14531,1213,9.11,19.66,21,1.34,-261,1213,0,Millennial Exit,-44,202
53,Baby Boomer,Transportation and Material Moving Occupations,1374052,1505802,131750,9.59,13.78,16,53-5022,Motorboat Operators,722,737,15,2.08,17.55,18,0.45,-58,15,-3,Millennial Exit,-10,3
53,Millennial,Transportation and Material Moving Occupations,2524305,2379228,-145077,-5.75,25.32,26,53-5022,Motorboat Operators,849,791,-58,-6.83,20.64,19,-1.64,-58,15,-3,Millennial Exit,-10,3
27,Baby Boomer,"Arts, Design, Entertainment, Sports, and Media Occupations",355964,374103,18139,5.1,13.26,14,27-1014,Multimedia Artists and Animators,11340,10729,-611,-5.39,17.47,18,0.53,-580,-611,NULL,Shrinking,-97,-102
27,Millennial,"Arts, Design, Entertainment, Sports, and Media Occupations",814043,788864,-25179,-3.09,30.31,30,27-1014,Multimedia Artists and Animators,15271,14691,-580,-3.8,23.52,24,0.48,-580,-611,NULL,Shrinking,-97,-102
27,Millennial,"Arts, Design, Entertainment, Sports, and Media Occupations",814043,788864,-25179,-3.09,30.31,30,27-2041,Music Directors and Composers,13210,13435,225,1.7,19.24,19,-0.24,225,310,1,Millennial Exit,38,52
27,Baby Boomer,"Arts, Design, Entertainment, Sports, and Media Occupations",355964,374103,18139,5.1,13.26,14,27-2041,Music Directors and Composers,11646,11956,310,2.66,16.96,17,0.04,225,310,1,Millennial Exit,38,52
49,Baby Boomer,"Installation, Maintenance, and Repair Occupations",865447,946602,81155,9.38,14.61,17,49-9063,Musical Instrument Repairers and Tuners,3006,2608,-398,-13.24,23,23,0,184,-398,0,Millennial Growth,31,-66
49,Millennial,"Installation, Maintenance, and Repair Occupations",1453597,1378460,-75137,-5.17,24.53,24,49-9063,Musical Instrument Repairers and Tuners,1581,1765,184,11.64,12.1,16,3.9,184,-398,0,Millennial Growth,31,-66
51,Baby Boomer,Production Occupations,1461071,1531321,70250,4.81,14.43,17,51-8011,Nuclear Power Reactor Operators,1119,1522,403,36.01,16.87,21,4.13,195,403,1,Millennial Exit,33,67
51,Millennial,Production Occupations,2484504,2167981,-316523,-12.74,24.53,24,51-8011,Nuclear Power Reactor Operators,577,772,195,33.8,8.7,11,2.3,195,403,1,Millennial Exit,33,67
19,Millennial,"Life, Physical, and Social Science Occupations",312140,328219,16079,5.15,26.96,27,19-4051,Nuclear Technicians,1272,1399,127,9.98,16.1,16,-0.1,127,434,1,Millennial Exit,21,72
19,Baby Boomer,"Life, Physical, and Social Science Occupations",189040,214879,25839,13.67,16.33,18,19-4051,Nuclear Technicians,1289,1723,434,33.67,16.3,21,4.7,127,434,1,Millennial Exit,21,72
29,Baby Boomer,Healthcare Practitioners and Technical Occupations,1161066,1413668,252602,21.76,15.49,17,29-1122,Occupational Therapists,10100,12183,2083,20.62,10.04,11,0.96,5805,2083,3,Millennial Growth,968,347
29,Millennial,Healthcare Practitioners and Technical Occupations,1944312,2157397,213085,10.96,25.94,27,29-1122,Occupational Therapists,33809,39614,5805,17.17,33.62,35,1.38,5805,2083,3,Millennial Growth,968,347
29,Millennial,Healthcare Practitioners and Technical Occupations,1944312,2157397,213085,10.96,25.94,27,29-1041,Optometrists,9692,10821,1129,11.65,26.99,29,2.01,1129,431,3,Millennial Growth,188,72
29,Baby Boomer,Healthcare Practitioners and Technical Occupations,1161066,1413668,252602,21.76,15.49,17,29-1041,Optometrists,4646,5077,431,9.28,12.94,14,1.06,1129,431,3,Millennial Growth,188,72
29,Millennial,Healthcare Practitioners and Technical Occupations,1944312,2157397,213085,10.96,25.94,27,29-2091,Orthotists and Prosthetists,2267,2551,284,12.53,28.34,30,1.66,284,214,2,Millennial Growth,47,36
29,Baby Boomer,Healthcare Practitioners and Technical Occupations,1161066,1413668,252602,21.76,15.49,17,29-2091,Orthotists and Prosthetists,850,1064,214,25.18,10.63,13,2.37,284,214,2,Millennial Growth,47,36
53,Millennial,Transportation and Material Moving Occupations,2524305,2379228,-145077,-5.75,25.32,26,53-7064,"Packers and Packagers, Hand",216913,209799,-7114,-3.28,29.81,30,0.19,-7114,10365,0,Millennial Exit,-1186,1728
53,Baby Boomer,Transportation and Material Moving Occupations,1374052,1505802,131750,9.59,13.78,16,53-7064,"Packers and Packagers, Hand",77895,88260,10365,13.31,10.7,13,2.3,-7114,10365,0,Millennial Exit,-1186,1728
51,Baby Boomer,Production Occupations,1461071,1531321,70250,4.81,14.43,17,51-9196,"Paper Goods Machine Setters, Operators, and Tenders",17516,17850,334,1.91,15.22,19,3.78,-5631,334,-16,Millennial Exit,-939,56
51,Millennial,Production Occupations,2484504,2167981,-316523,-12.74,24.53,24,51-9196,"Paper Goods Machine Setters, Operators, and Tenders",23996,18365,-5631,-23.47,20.85,20,-0.85,-5631,334,-16,Millennial Exit,-939,56
29,Millennial,Healthcare Practitioners and Technical Occupations,1944312,2157397,213085,10.96,25.94,27,29-1069,"Physicians and Surgeons, All Other",62239,66928,4689,7.53,18.76,19,0.24,4689,8184,1,Millennial Exit,782,1364
29,Baby Boomer,Healthcare Practitioners and Technical Occupations,1161066,1413668,252602,21.76,15.49,17,29-1069,"Physicians and Surgeons, All Other",58544,66728,8184,13.98,17.65,19,1.35,4689,8184,1,Millennial Exit,782,1364
29,Baby Boomer,Healthcare Practitioners and Technical Occupations,1161066,1413668,252602,21.76,15.49,17,29-1081,Podiatrists,1119,1068,-51,-4.56,9.5,9,-0.5,NULL,-51,NULL,Shrinking,NULL,-9
19,Millennial,"Life, Physical, and Social Science Occupations",312140,328219,16079,5.15,26.96,27,19-3094,Political Scientists,2246,2534,288,12.82,36.1,36,-0.1,288,120,3,Millennial Growth,48,20
19,Baby Boomer,"Life, Physical, and Social Science Occupations",189040,214879,25839,13.67,16.33,18,19-3094,Political Scientists,800,920,120,15,12.86,13,0.14,288,120,3,Millennial Growth,48,20
49,Baby Boomer,"Installation, Maintenance, and Repair Occupations",865447,946602,81155,9.38,14.61,17,49-9069,"Precision Instrument and Equipment Repairers, All Other",2363,2708,345,14.6,19.61,22,2.39,-27,345,0,Millennial Exit,-5,58
49,Millennial,"Installation, Maintenance, and Repair Occupations",1453597,1378460,-75137,-5.17,24.53,24,49-9069,"Precision Instrument and Equipment Repairers, All Other",2079,2052,-27,-1.3,17.25,16,-1.25,-27,345,0,Millennial Exit,-5,58
51,Baby Boomer,Production Occupations,1461071,1531321,70250,4.81,14.43,17,51-5111,Prepress Technicians and Workers,9600,8209,-1391,-14.49,17.04,21,3.96,-4023,-1391,NULL,Shrinking,-671,-232
51,Millennial,Production Occupations,2484504,2167981,-316523,-12.74,24.53,24,51-5111,Prepress Technicians and Workers,11501,7478,-4023,-34.98,20.42,19,-1.42,-4023,-1391,NULL,Shrinking,-671,-232
25,Millennial,"Education, Training, and Library Occupations",2051515,2114982,63467,3.09,23.88,25,25-2011,"Preschool Teachers, Except Special Education",158442,160108,1666,1.05,35.84,37,1.16,1666,1780,1,Millennial Exit,278,297
25,Baby Boomer,"Education, Training, and Library Occupations",1666597,1697604,31007,1.86,19.4,19,25-2011,"Preschool Teachers, Except Special Education",50401,52181,1780,3.53,11.4,12,0.6,1666,1780,1,Millennial Exit,278,297
21,Baby Boomer,Community and Social Service Occupations,419589,457468,37879,9.03,18.52,19,21-1092,Probation Officers and Correctional Treatment Specialists,15295,15553,258,1.69,17.47,18,0.53,287,258,2,Millennial Growth,48,43
21,Millennial,Community and Social Service Occupations,571034,615626,44592,7.81,25.21,26,21-1092,Probation Officers and Correctional Treatment Specialists,19080,19367,287,1.5,21.8,21,-0.8,287,258,2,Millennial Growth,48,43
33,Millennial,Protective Service Occupations,799790,828819,29029,3.63,23.88,24,33-9099,"Protective Service Workers, All Other",18143,19377,1234,6.8,21.33,22,0.67,1234,798,2,Millennial Growth,206,133
33,Baby Boomer,Protective Service Occupations,549128,564740,15612,2.84,16.39,17,33-9099,"Protective Service Workers, All Other",12671,13469,798,6.3,14.9,16,1.1,1234,798,2,Millennial Growth,206,133
29,Baby Boomer,Healthcare Practitioners and Technical Occupations,1161066,1413668,252602,21.76,15.49,17,29-1066,Psychiatrists,4364,4900,536,12.28,16.86,18,1.14,286,536,1,Millennial Exit,48,89
29,Millennial,Healthcare Practitioners and Technical Occupations,1944312,2157397,213085,10.96,25.94,27,29-1066,Psychiatrists,4801,5087,286,5.96,18.55,19,0.45,286,536,1,Millennial Exit,48,89
27,Baby Boomer,"Arts, Design, Entertainment, Sports, and Media Occupations",355964,374103,18139,5.1,13.26,14,27-3012,Public Address System and Other Announcers,739,1119,380,51.42,4.89,6,1.11,965,380,3,Millennial Growth,161,63
27,Millennial,"Arts, Design, Entertainment, Sports, and Media Occupations",814043,788864,-25179,-3.09,30.31,30,27-3012,Public Address System and Other Announcers,5896,6861,965,16.37,39.04,39,-0.04,965,380,3,Millennial Growth,161,63
47,Millennial,Construction and Extraction Occupations,2494960,2016673,-478287,-19.17,30.68,29,47-5071,"Roustabouts, Oil and Gas",22975,33340,10365,45.11,49.86,52,2.14,10365,1286,9,Millennial Growth,1728,214
47,Baby Boomer,Construction and Extraction Occupations,853148,827748,-25400,-2.98,10.49,12,47-5071,"Roustabouts, Oil and Gas",1744,3030,1286,73.74,3.78,5,1.22,10365,1286,9,Millennial Growth,1728,214
11,Millennial,Management Occupations,1555952,1461670,-94282,-6.06,18.59,18,11-2022,Sales Managers,98172,90609,-7563,-7.7,25.49,25,-0.49,-7563,5805,-1,Millennial Exit,-1261,968
11,Baby Boomer,Management Occupations,1465399,1506812,41413,2.83,17.5,19,11-2022,Sales Managers,49854,55659,5805,11.64,12.94,15,2.06,-7563,5805,-1,Millennial Exit,-1261,968
41,Baby Boomer,Sales and Related Occupations,2093226,2275446,182220,8.71,12.76,14,41-4012,"Sales Representatives, Wholesale and Manufacturing, Except Technical and Scientific Products",269367,291864,22497,8.35,16.57,19,2.43,-39211,22497,-1,Millennial Exit,-6535,3750
41,Millennial,Sales and Related Occupations,4431037,4504482,73445,1.66,27.02,28,41-4012,"Sales Representatives, Wholesale and Manufacturing, Except Technical and Scientific Products",364445,325234,-39211,-10.76,22.42,21,-1.42,-39211,22497,-1,Millennial Exit,-6535,3750
51,Baby Boomer,Production Occupations,1461071,1531321,70250,4.81,14.43,17,51-9012,"Separating, Filtering, Clarifying, Precipitating, and Still Machine Setters, Operators, and Tenders",6484,7974,1490,22.98,15.49,19,3.51,523,1490,1,Millennial Exit,87,248
51,Millennial,Production Occupations,2484504,2167981,-316523,-12.74,24.53,24,51-9012,"Separating, Filtering, Clarifying, Precipitating, and Still Machine Setters, Operators, and Tenders",9329,9852,523,5.61,22.29,23,0.71,523,1490,1,Millennial Exit,87,248
39,Baby Boomer,Personal Care and Service Occupations,688295,808370,120075,17.45,13.14,14,39-5093,Shampooers,1858,1875,17,0.91,8.05,9,0.95,-24,17,-1,Millennial Exit,-4,3
39,Millennial,Personal Care and Service Occupations,1451425,1654558,203133,14,27.7,29,39-5093,Shampooers,8295,8271,-24,-0.29,35.94,37,1.06,-24,17,-1,Millennial Exit,-4,3
53,Millennial,Transportation and Material Moving Occupations,2524305,2379228,-145077,-5.75,25.32,26,53-5031,Ship Engineers,3513,3489,-24,-0.68,29.77,30,0.23,-24,295,0,Millennial Exit,-4,49
53,Baby Boomer,Transportation and Material Moving Occupations,1374052,1505802,131750,9.59,13.78,16,53-5031,Ship Engineers,1605,1900,295,18.38,13.6,16,2.4,-24,295,0,Millennial Exit,-4,49
43,Baby Boomer,Office and Administrative Support Occupations,3591385,3937939,346554,9.65,14.97,17,43-5071,"Shipping, Receiving, and Traffic Clerks",95322,101246,5924,6.21,12.08,14,1.92,-26823,5924,-4,Millennial Exit,-4471,987
43,Millennial,Office and Administrative Support Occupations,6630203,6389681,-240522,-3.63,27.63,27,43-5071,"Shipping, Receiving, and Traffic Clerks",234103,207280,-26823,-11.46,29.67,30,0.33,-26823,5924,-4,Millennial Exit,-4471,987
51,Baby Boomer,Production Occupations,1461071,1531321,70250,4.81,14.43,17,51-6042,Shoe Machine Operators and Tenders,1067,877,-190,-17.81,24.95,26,1.05,-250,-190,NULL,Shrinking,-42,-32
51,Millennial,Production Occupations,2484504,2167981,-316523,-12.74,24.53,24,51-6042,Shoe Machine Operators and Tenders,1319,1069,-250,-18.95,30.85,32,1.15,-250,-190,NULL,Shrinking,-42,-32
11,Baby Boomer,Management Occupations,1465399,1506812,41413,2.83,17.5,19,11-9151,Social and Community Service Managers,27057,29596,2539,9.38,20.95,22,1.05,1359,2539,1,Millennial Exit,227,423
11,Millennial,Management Occupations,1555952,1461670,-94282,-6.06,18.59,18,11-9151,Social and Community Service Managers,25839,27198,1359,5.26,20.01,20,-0.01,1359,2539,1,Millennial Exit,227,423
21,Baby Boomer,Community and Social Service Occupations,419589,457468,37879,9.03,18.52,19,21-1093,Social and Human Service Assistants,52485,58998,6513,12.41,14.87,16,1.13,10382,6513,2,Millennial Growth,1730,1086
21,Millennial,Community and Social Service Occupations,571034,615626,44592,7.81,25.21,26,21-1093,Social and Human Service Assistants,105998,116380,10382,9.79,30.03,32,1.97,10382,6513,2,Millennial Growth,1730,1086
25,Baby Boomer,"Education, Training, and Library Occupations",1666597,1697604,31007,1.86,19.4,19,25-2053,"Special Education Teachers, Middle School",19453,19859,406,2.09,21.42,21,-0.42,657,406,2,Millennial Growth,110,68
25,Millennial,"Education, Training, and Library Occupations",2051515,2114982,63467,3.09,23.88,25,25-2053,"Special Education Teachers, Middle School",19527,20184,657,3.36,21.5,22,0.5,657,406,2,Millennial Growth,110,68
51,Millennial,Production Occupations,2484504,2167981,-316523,-12.74,24.53,24,51-8021,Stationary Engineers and Boiler Operators,5650,5444,-206,-3.65,14.84,15,0.16,-206,699,0,Millennial Exit,-34,117
51,Baby Boomer,Production Occupations,1461071,1531321,70250,4.81,14.43,17,51-8021,Stationary Engineers and Boiler Operators,7731,8430,699,9.04,20.3,23,2.7,-206,699,0,Millennial Exit,-34,117
51,Baby Boomer,Production Occupations,1461071,1531321,70250,4.81,14.43,17,51-6064,"Textile Winding, Twisting, and Drawing Out Machine Setters, Operators, and Tenders",6134,4922,-1212,-19.76,15.22,18,2.78,-3401,-1212,NULL,Shrinking,-567,-202
51,Millennial,Production Occupations,2484504,2167981,-316523,-12.74,24.53,24,51-6064,"Textile Winding, Twisting, and Drawing Out Machine Setters, Operators, and Tenders",8757,5356,-3401,-38.84,21.73,20,-1.73,-3401,-1212,NULL,Shrinking,-567,-202
11,Baby Boomer,Management Occupations,1465399,1506812,41413,2.83,17.5,19,11-3131,Training and Development Managers,5209,6015,806,15.47,18.9,21,2.1,-35,806,0,Millennial Exit,-6,134
53,Baby Boomer,Transportation and Material Moving Occupations,1374052,1505802,131750,9.59,13.78,16,53-1011,Aircraft Cargo Handling Supervisors,762,928,166,21.78,10.44,13,2.56,-232,166,-1,Millennial Exit,-39,28
53,Millennial,Transportation and Material Moving Occupations,2524305,2379228,-145077,-5.75,25.32,26,53-1011,Aircraft Cargo Handling Supervisors,2065,1833,-232,-11.23,28.3,26,-2.3,-232,166,-1,Millennial Exit,-39,28
51,Baby Boomer,Production Occupations,1461071,1531321,70250,4.81,14.43,17,51-2011,"Aircraft Structure, Surfaces, Rigging, and Systems Assemblers",7280,9839,2559,35.15,19.63,24,4.37,1180,2559,1,Millennial Exit,197,427
51,Millennial,Production Occupations,2484504,2167981,-316523,-12.74,24.53,24,51-2011,"Aircraft Structure, Surfaces, Rigging, and Systems Assemblers",7544,8724,1180,15.64,20.34,21,0.66,1180,2559,1,Millennial Exit,197,427
29,Millennial,Healthcare Practitioners and Technical Occupations,1944312,2157397,213085,10.96,25.94,27,29-1061,Anesthesiologists,4590,5073,483,10.52,13.98,15,1.02,483,1031,1,Millennial Exit,81,172
29,Baby Boomer,Healthcare Practitioners and Technical Occupations,1161066,1413668,252602,21.76,15.49,17,29-1061,Anesthesiologists,6287,7318,1031,16.4,19.15,21,1.85,483,1031,1,Millennial Exit,81,172
19,Millennial,"Life, Physical, and Social Science Occupations",312140,328219,16079,5.15,26.96,27,19-3091,Anthropologists and Archeologists,2201,2397,196,8.91,36.03,35,-1.03,196,191,2,Millennial Growth,33,32
19,Baby Boomer,"Life, Physical, and Social Science Occupations",189040,214879,25839,13.67,16.33,18,19-3091,Anthropologists and Archeologists,817,1008,191,23.38,13.37,15,1.63,196,191,2,Millennial Growth,33,32
13,Millennial,Business and Financial Operations Occupations,1992479,1981010,-11469,-0.58,27.97,27,13-2021,Appraisers and Assessors of Real Estate,19614,18459,-1155,-5.89,20.1,21,0.9,-1155,-2035,NULL,Shrinking,-193,-339
13,Baby Boomer,Business and Financial Operations Occupations,1099023,1225149,126126,11.48,15.43,17,13-2021,Appraisers and Assessors of Real Estate,18709,16674,-2035,-10.88,19.17,19,-0.17,-1155,-2035,NULL,Shrinking,-193,-339
27,Baby Boomer,"Arts, Design, Entertainment, Sports, and Media Occupations",355964,374103,18139,5.1,13.26,14,27-1019,"Artists and Related Workers, All Other",2928,2778,-150,-5.12,20.33,20,-0.33,42,-150,0,Millennial Growth,7,-25
27,Millennial,"Arts, Design, Entertainment, Sports, and Media Occupations",814043,788864,-25179,-3.09,30.31,30,27-1019,"Artists and Related Workers, All Other",2838,2880,42,1.48,19.7,21,1.3,42,-150,0,Millennial Growth,7,-25
29,Millennial,Healthcare Practitioners and Technical Occupations,1944312,2157397,213085,10.96,25.94,27,29-9091,Athletic Trainers,6681,7637,956,14.31,34.71,36,1.29,956,582,2,Millennial Growth,159,97
29,Baby Boomer,Healthcare Practitioners and Technical Occupations,1161066,1413668,252602,21.76,15.49,17,29-9091,Athletic Trainers,2113,2695,582,27.54,10.98,13,2.02,956,582,2,Millennial Growth,159,97
25,Baby Boomer,"Education, Training, and Library Occupations",1666597,1697604,31007,1.86,19.4,19,25-9011,Audio-Visual and Multimedia Collections Specialists,2151,2251,100,4.65,23.42,24,0.58,55,100,1,Millennial Exit,9,17
25,Millennial,"Education, Training, and Library Occupations",2051515,2114982,63467,3.09,23.88,25,25-9011,Audio-Visual and Multimedia Collections Specialists,1557,1612,55,3.53,16.96,17,0.04,55,100,1,Millennial Exit,9,17
49,Baby Boomer,"Installation, Maintenance, and Repair Occupations",865447,946602,81155,9.38,14.61,17,49-3021,Automotive Body and Related Repairers,20060,21206,1146,5.71,11.4,13,1.6,-4366,1146,-3,Millennial Exit,-728,191
49,Millennial,"Installation, Maintenance, and Repair Occupations",1453597,1378460,-75137,-5.17,24.53,24,49-3021,Automotive Body and Related Repairers,48900,44534,-4366,-8.93,27.79,28,0.21,-4366,1146,-3,Millennial Exit,-728,191
49,Baby Boomer,"Installation, Maintenance, and Repair Occupations",865447,946602,81155,9.38,14.61,17,49-3023,Automotive Service Technicians and Mechanics,81062,85803,4741,5.85,10.49,12,1.51,-10319,4741,-2,Millennial Exit,-1720,790
49,Millennial,"Installation, Maintenance, and Repair Occupations",1453597,1378460,-75137,-5.17,24.53,24,49-3023,Automotive Service Technicians and Mechanics,228374,218055,-10319,-4.52,29.55,29,-0.55,-10319,4741,-2,Millennial Exit,-1720,790
19,Baby Boomer,"Life, Physical, and Social Science Occupations",189040,214879,25839,13.67,16.33,18,19-1021,Biochemists and Biophysicists,2855,3732,877,30.72,11.41,13,1.59,744,877,1,Millennial Exit,124,146
19,Millennial,"Life, Physical, and Social Science Occupations",312140,328219,16079,5.15,26.96,27,19-1021,Biochemists and Biophysicists,9555,10299,744,7.79,38.18,36,-2.18,744,877,1,Millennial Exit,124,146
53,Millennial,Transportation and Material Moving Occupations,2524305,2379228,-145077,-5.75,25.32,26,53-6011,Bridge and Lock Tenders,528,594,66,12.5,14.93,15,0.07,66,183,1,Millennial Exit,11,31
53,Baby Boomer,Transportation and Material Moving Occupations,1374052,1505802,131750,9.59,13.78,16,53-6011,Bridge and Lock Tenders,558,741,183,32.8,15.79,19,3.21,66,183,1,Millennial Exit,11,31
49,Baby Boomer,"Installation, Maintenance, and Repair Occupations",865447,946602,81155,9.38,14.61,17,49-3031,Bus and Truck Mechanics and Diesel Engine Specialists,38574,41821,3247,8.42,14.86,17,2.14,-4050,3247,-1,Millennial Exit,-675,541
49,Millennial,"Installation, Maintenance, and Repair Occupations",1453597,1378460,-75137,-5.17,24.53,24,49-3031,Bus and Truck Mechanics and Diesel Engine Specialists,63095,59045,-4050,-6.42,24.3,23,-1.3,-4050,3247,-1,Millennial Exit,-675,541
49,Baby Boomer,"Installation, Maintenance, and Repair Occupations",865447,946602,81155,9.38,14.61,17,49-9061,Camera and Photographic Equipment Repairers,352,438,86,24.43,13.6,17,3.4,NULL,86,NULL,Millennial Exit,NULL,14
29,Baby Boomer,Healthcare Practitioners and Technical Occupations,1161066,1413668,252602,21.76,15.49,17,29-2031,Cardiovascular Technologists and Technicians,5405,7288,1883,34.84,11.71,14,2.29,2146,1883,2,Millennial Growth,358,314
29,Millennial,Healthcare Practitioners and Technical Occupations,1944312,2157397,213085,10.96,25.94,27,29-2031,Cardiovascular Technologists and Technicians,13858,16004,2146,15.49,30.02,31,0.98,2146,1883,2,Millennial Growth,358,314
51,Baby Boomer,Production Occupations,1461071,1531321,70250,4.81,14.43,17,51-9011,Chemical Equipment Operators and Tenders,10624,11905,1281,12.06,17.11,21,3.89,-1098,1281,0,Millennial Exit,-183,214
51,Millennial,Production Occupations,2484504,2167981,-316523,-12.74,24.53,24,51-9011,Chemical Equipment Operators and Tenders,11280,10182,-1098,-9.73,18.17,17,-1.17,-1098,1281,0,Millennial Exit,-183,214
39,Baby Boomer,Personal Care and Service Occupations,688295,808370,120075,17.45,13.14,14,39-9011,Childcare Workers,184865,188023,3158,1.71,12.95,13,0.05,6155,3158,2,Millennial Growth,1026,526
39,Millennial,Personal Care and Service Occupations,1451425,1654558,203133,14,27.7,29,39-9011,Childcare Workers,401560,407715,6155,1.53,28.13,30,1.87,6155,3158,2,Millennial Growth,1026,526
53,Millennial,Transportation and Material Moving Occupations,2524305,2379228,-145077,-5.75,25.32,26,53-7061,Cleaners of Vehicles and Equipment,109251,105016,-4235,-3.88,30.26,31,0.74,-4235,5603,0,Millennial Exit,-706,934
53,Baby Boomer,Transportation and Material Moving Occupations,1374052,1505802,131750,9.59,13.78,16,53-7061,Cleaners of Vehicles and Equipment,32226,37829,5603,17.39,8.92,11,2.08,-4235,5603,0,Millennial Exit,-706,934
43,Baby Boomer,Office and Administrative Support Occupations,3591385,3937939,346554,9.65,14.97,17,43-2099,"Communications Equipment Operators, All Other",278,304,26,9.35,8.88,10,1.12,27,26,2,Millennial Growth,5,4
43,Millennial,Office and Administrative Support Occupations,6630203,6389681,-240522,-3.63,27.63,27,43-2099,"Communications Equipment Operators, All Other",720,747,27,3.75,22.99,24,1.01,27,26,2,Millennial Growth,5,4
21,Baby Boomer,Community and Social Service Occupations,419589,457468,37879,9.03,18.52,19,21-1099,"Community and Social Service Specialists, All Other",18610,19703,1093,5.87,17.9,19,1.1,1165,1093,2,Millennial Growth,194,182
21,Millennial,Community and Social Service Occupations,571034,615626,44592,7.81,25.21,26,21-1099,"Community and Social Service Specialists, All Other",27736,28901,1165,4.2,26.67,28,1.33,1165,1093,2,Millennial Growth,194,182
21,Millennial,Community and Social Service Occupations,571034,615626,44592,7.81,25.21,26,21-1094,Community Health Workers,11212,12351,1139,10.16,29.83,31,1.17,1139,1113,2,Millennial Growth,190,186
21,Baby Boomer,Community and Social Service Occupations,419589,457468,37879,9.03,18.52,19,21-1094,Community Health Workers,6525,7638,1113,17.06,17.36,19,1.64,1139,1113,2,Millennial Growth,190,186
11,Baby Boomer,Management Occupations,1465399,1506812,41413,2.83,17.5,19,11-3111,Compensation and Benefits Managers,3482,3995,513,14.73,16.83,20,3.17,-263,513,0,Millennial Exit,-44,86
11,Millennial,Management Occupations,1555952,1461670,-94282,-6.06,18.59,18,11-3111,Compensation and Benefits Managers,3588,3325,-263,-7.33,17.35,17,-0.35,-263,513,0,Millennial Exit,-44,86
13,Baby Boomer,Business and Financial Operations Occupations,1099023,1225149,126126,11.48,15.43,17,13-1041,Compliance Officers,40344,46707,6363,15.77,18.1,19,0.9,2687,6363,1,Millennial Exit,448,1061
13,Millennial,Business and Financial Operations Occupations,1992479,1981010,-11469,-0.58,27.97,27,13-1041,Compliance Officers,49275,51962,2687,5.45,22.11,22,-0.11,2687,6363,1,Millennial Exit,448,1061
15,Millennial,Computer and Mathematical Occupations,1205652,1230220,24568,2.04,32.73,32,15-1121,Computer Systems Analysts,149455,150277,822,0.55,30.31,28,-2.31,822,12157,1,Millennial Exit,137,2026
15,Baby Boomer,Computer and Mathematical Occupations,372843,446730,73887,19.82,10.12,11,15-1121,Computer Systems Analysts,58030,70187,12157,20.95,11.77,13,1.23,822,12157,1,Millennial Exit,137,2026
51,Baby Boomer,Production Occupations,1461071,1531321,70250,4.81,14.43,17,51-4011,"Computer-Controlled Machine Tool Operators, Metal and Plastic",18744,22448,3704,19.76,12.98,16,3.02,-725,3704,0,Millennial Exit,-121,617
51,Millennial,Production Occupations,2484504,2167981,-316523,-12.74,24.53,24,51-4011,"Computer-Controlled Machine Tool Operators, Metal and Plastic",36018,35293,-725,-2.01,24.94,25,0.06,-725,3704,0,Millennial Exit,-121,617
39,Millennial,Personal Care and Service Occupations,1451425,1654558,203133,14,27.7,29,39-6012,Concierges,6283,6577,294,4.68,23.95,24,0.05,294,749,1,Millennial Exit,49,125
39,Baby Boomer,Personal Care and Service Occupations,688295,808370,120075,17.45,13.14,14,39-6012,Concierges,4133,4882,749,18.12,15.75,18,2.25,294,749,1,Millennial Exit,49,125
35,Baby Boomer,Food Preparation and Serving Related Occupations,715561,858635,143074,19.99,6.26,7,35-2011,"Cooks, Fast Food",28268,32675,4407,15.59,5.32,6,0.68,26052,4407,6,Millennial Growth,4342,735
35,Millennial,Food Preparation and Serving Related Occupations,3638345,4283180,644835,17.72,31.84,35,35-2011,"Cooks, Fast Food",173070,199122,26052,15.05,32.57,37,4.43,26052,4407,6,Millennial Growth,4342,735
51,Baby Boomer,Production Occupations,1461071,1531321,70250,4.81,14.43,17,51-9193,Cooling and Freezing Equipment Operators and Tenders,872,1118,246,28.21,10.33,13,2.67,2,246,NULL,Millennial Exit,0,41
51,Millennial,Production Occupations,2484504,2167981,-316523,-12.74,24.53,24,51-9193,Cooling and Freezing Equipment Operators and Tenders,2451,2453,2,0.08,29.02,29,-0.02,2,246,NULL,Millennial Exit,0,41
39,Baby Boomer,Personal Care and Service Occupations,688295,808370,120075,17.45,13.14,14,39-3092,Costume Attendants,515,733,218,42.33,8.81,12,3.19,308,218,2,Millennial Growth,51,36
39,Millennial,Personal Care and Service Occupations,1451425,1654558,203133,14,27.7,29,39-3092,Costume Attendants,1268,1576,308,24.29,21.69,25,3.31,308,218,2,Millennial Growth,51,36
13,Millennial,Business and Financial Operations Occupations,1992479,1981010,-11469,-0.58,27.97,27,13-2071,Credit Counselors,10269,10939,670,6.52,38,38,0,670,486,2,Millennial Growth,112,81
13,Baby Boomer,Business and Financial Operations Occupations,1099023,1225149,126126,11.48,15.43,17,13-2071,Credit Counselors,2972,3458,486,16.35,11,12,1,670,486,2,Millennial Growth,112,81
31,Baby Boomer,Healthcare Support Occupations,462450,584837,122387,26.46,12.23,14,31-9091,Dental Assistants,19149,26237,7088,37.01,6.65,8,1.35,10609,7088,2,Millennial Growth,1768,1181
31,Millennial,Healthcare Support Occupations,1225658,1416322,190664,15.56,32.41,33,31-9091,Dental Assistants,114119,124728,10609,9.3,39.64,40,0.36,10609,7088,2,Millennial Growth,1768,1181
29,Millennial,Healthcare Practitioners and Technical Occupations,1944312,2157397,213085,10.96,25.94,27,29-2021,Dental Hygienists,49018,53832,4814,9.82,27.39,28,0.61,4814,7681,1,Millennial Exit,802,1280
29,Baby Boomer,Healthcare Practitioners and Technical Occupations,1161066,1413668,252602,21.76,15.49,17,29-2021,Dental Hygienists,19213,26894,7681,39.98,10.74,14,3.26,4814,7681,1,Millennial Exit,802,1280
51,Baby Boomer,Production Occupations,1461071,1531321,70250,4.81,14.43,17,51-9081,Dental Laboratory Technicians,6675,7417,742,11.12,15.73,18,2.27,-566,742,0,Millennial Exit,-94,124
51,Millennial,Production Occupations,2484504,2167981,-316523,-12.74,24.53,24,51-9081,Dental Laboratory Technicians,9261,8695,-566,-6.11,21.82,21,-0.82,-566,742,0,Millennial Exit,-94,124
27,Baby Boomer,"Arts, Design, Entertainment, Sports, and Media Occupations",355964,374103,18139,5.1,13.26,14,27-1029,"Designers, All Other",1154,1165,11,0.95,10.08,11,0.92,-348,11,-29,Millennial Exit,-58,2
27,Millennial,"Arts, Design, Entertainment, Sports, and Media Occupations",814043,788864,-25179,-3.09,30.31,30,27-1029,"Designers, All Other",3876,3528,-348,-8.98,33.87,34,0.13,-348,11,-29,Millennial Exit,-58,2
33,Millennial,Protective Service Occupations,799790,828819,29029,3.63,23.88,24,33-3021,Detectives and Criminal Investigators,24691,25944,1253,5.07,22.68,23,0.32,1253,726,2,Millennial Growth,209,121
33,Baby Boomer,Protective Service Occupations,549128,564740,15612,2.84,16.39,17,33-3021,Detectives and Criminal Investigators,18609,19335,726,3.9,17.09,17,-0.09,1253,726,2,Millennial Growth,209,121
41,Baby Boomer,Sales and Related Occupations,2093226,2275446,182220,8.71,12.76,14,41-9091,"Door-to-Door Sales Workers, News and Street Vendors, and Related Workers",17318,13531,-3787,-21.87,15.49,16,0.51,-5894,-3787,NULL,Shrinking,-982,-631
41,Millennial,Sales and Related Occupations,4431037,4504482,73445,1.66,27.02,28,41-9091,"Door-to-Door Sales Workers, News and Street Vendors, and Related Workers",25315,19421,-5894,-23.28,22.65,23,0.35,-5894,-3787,NULL,Shrinking,-982,-631
53,Baby Boomer,Transportation and Material Moving Occupations,1374052,1505802,131750,9.59,13.78,16,53-3031,Driver/Sales Workers,54869,61556,6687,12.19,12.97,15,2.03,2760,6687,1,Millennial Exit,460,1115
53,Millennial,Transportation and Material Moving Occupations,2524305,2379228,-145077,-5.75,25.32,26,53-3031,Driver/Sales Workers,107302,110062,2760,2.57,25.37,27,1.63,2760,6687,1,Millennial Exit,460,1115
11,Baby Boomer,Management Occupations,1465399,1506812,41413,2.83,17.5,19,11-9033,"Education Administrators, Postsecondary",25325,27468,2143,8.46,22.16,23,0.84,1497,2143,1,Millennial Exit,250,357
11,Millennial,Management Occupations,1555952,1461670,-94282,-6.06,18.59,18,11-9033,"Education Administrators, Postsecondary",25022,26519,1497,5.98,21.9,22,0.1,1497,2143,1,Millennial Exit,250,357
49,Baby Boomer,"Installation, Maintenance, and Repair Occupations",865447,946602,81155,9.38,14.61,17,49-2092,"Electric Motor, Power Tool, and Related Repairers",3822,3925,103,2.69,17.19,20,2.81,-397,103,-3,Millennial Exit,-66,17
49,Millennial,"Installation, Maintenance, and Repair Occupations",1453597,1378460,-75137,-5.17,24.53,24,49-2092,"Electric Motor, Power Tool, and Related Repairers",4781,4384,-397,-8.3,21.51,22,0.49,-397,103,-3,Millennial Exit,-66,17
17,Baby Boomer,Architecture and Engineering Occupations,422861,462564,39703,9.39,15.93,18,17-3012,Electrical and Electronics Drafters,4380,4805,425,9.7,13.23,16,2.77,-1610,425,-3,Millennial Exit,-268,71
17,Millennial,Architecture and Engineering Occupations,662470,593064,-69406,-10.48,24.96,24,17-3012,Electrical and Electronics Drafters,10069,8459,-1610,-15.99,30.42,29,-1.42,-1610,425,-3,Millennial Exit,-268,71
47,Baby Boomer,Construction and Extraction Occupations,853148,827748,-25400,-2.98,10.49,12,47-2111,Electricians,78292,80075,1783,2.28,10.93,13,2.07,-42044,1783,-23,Millennial Exit,-7007,297
47,Millennial,Construction and Extraction Occupations,2494960,2016673,-478287,-19.17,30.68,29,47-2111,Electricians,236487,194443,-42044,-17.78,33.01,31,-2.01,-42044,1783,-23,Millennial Exit,-7007,297
47,Baby Boomer,Construction and Extraction Occupations,853148,827748,-25400,-2.98,10.49,12,47-4021,Elevator Installers and Repairers,1905,2206,301,15.8,8.66,10,1.34,-588,301,-1,Millennial Exit,-98,50
47,Millennial,Construction and Extraction Occupations,2494960,2016673,-478287,-19.17,30.68,29,47-4021,Elevator Installers and Repairers,6748,6160,-588,-8.71,30.67,29,-1.67,-588,301,-1,Millennial Exit,-98,50
51,Baby Boomer,Production Occupations,1461071,1531321,70250,4.81,14.43,17,51-2031,Engine and Other Machine Assemblers,6554,7369,815,12.44,15.03,18,2.97,-620,815,0,Millennial Exit,-103,136
51,Millennial,Production Occupations,2484504,2167981,-316523,-12.74,24.53,24,51-2031,Engine and Other Machine Assemblers,9356,8736,-620,-6.63,21.46,21,-0.46,-620,815,0,Millennial Exit,-103,136
17,Millennial,Architecture and Engineering Occupations,662470,593064,-69406,-10.48,24.96,24,17-2199,"Engineers, All Other",32380,31359,-1021,-3.15,22.82,22,-0.82,-1021,2125,0,Millennial Exit,-170,354
17,Baby Boomer,Architecture and Engineering Occupations,422861,462564,39703,9.39,15.93,18,17-2199,"Engineers, All Other",25213,27338,2125,8.43,17.77,19,1.23,-1021,2125,0,Millennial Exit,-170,354
27,Baby Boomer,"Arts, Design, Entertainment, Sports, and Media Occupations",355964,374103,18139,5.1,13.26,14,27-2099,"Entertainers and Performers, Sports and Related Workers, All Other",3892,3925,33,0.85,10.15,10,-0.15,187,33,6,Millennial Growth,31,6
27,Millennial,"Arts, Design, Entertainment, Sports, and Media Occupations",814043,788864,-25179,-3.09,30.31,30,27-2099,"Entertainers and Performers, Sports and Related Workers, All Other",12703,12890,187,1.47,33.13,34,0.87,187,33,6,Millennial Growth,31,6
53,Millennial,Transportation and Material Moving Occupations,2524305,2379228,-145077,-5.75,25.32,26,53-7032,Excavating and Loading Machine and Dragline Operators,13476,11557,-1919,-14.24,21.48,21,-0.48,-1919,171,-11,Millennial Exit,-320,29
53,Baby Boomer,Transportation and Material Moving Occupations,1374052,1505802,131750,9.59,13.78,16,53-7032,Excavating and Loading Machine and Dragline Operators,9960,10131,171,1.72,15.87,19,3.13,-1919,171,-11,Millennial Exit,-320,29
51,Baby Boomer,Production Occupations,1461071,1531321,70250,4.81,14.43,17,51-6091,"Extruding and Forming Machine Setters, Operators, and Tenders, Synthetic and Glass Fibers",3408,3302,-106,-3.11,14.9,18,3.1,-1053,-106,NULL,Shrinking,-176,-18
51,Millennial,Production Occupations,2484504,2167981,-316523,-12.74,24.53,24,51-6091,"Extruding and Forming Machine Setters, Operators, and Tenders, Synthetic and Glass Fibers",3872,2819,-1053,-27.2,16.93,15,-1.93,-1053,-106,NULL,Shrinking,-176,-18
51,Baby Boomer,Production Occupations,1461071,1531321,70250,4.81,14.43,17,51-9041,"Extruding, Forming, Pressing, and Compacting Machine Setters, Operators, and Tenders",11346,11680,334,2.94,13.91,17,3.09,-3967,334,-11,Millennial Exit,-661,56
51,Millennial,Production Occupations,2484504,2167981,-316523,-12.74,24.53,24,51-9041,"Extruding, Forming, Pressing, and Compacting Machine Setters, Operators, and Tenders",19450,15483,-3967,-20.4,23.85,22,-1.85,-3967,334,-11,Millennial Exit,-661,56
27,Baby Boomer,"Arts, Design, Entertainment, Sports, and Media Occupations",355964,374103,18139,5.1,13.26,14,27-1022,Fashion Designers,2285,2258,-27,-1.18,9.72,11,1.28,-762,-27,NULL,Shrinking,-127,-5
27,Millennial,"Arts, Design, Entertainment, Sports, and Media Occupations",814043,788864,-25179,-3.09,30.31,30,27-1022,Fashion Designers,9022,8260,-762,-8.45,38.37,40,1.63,-762,-27,NULL,Shrinking,-127,-5
33,Millennial,Protective Service Occupations,799790,828819,29029,3.63,23.88,24,33-1012,First-Line Supervisors of Police and Detectives,22287,21668,-619,-2.78,21.42,21,-0.42,-619,-622,NULL,Shrinking,-103,-104
33,Baby Boomer,Protective Service Occupations,549128,564740,15612,2.84,16.39,17,33-1012,First-Line Supervisors of Police and Detectives,17521,16899,-622,-3.55,16.84,17,0.16,-619,-622,NULL,Shrinking,-103,-104
53,Millennial,Transportation and Material Moving Occupations,2524305,2379228,-145077,-5.75,25.32,26,53-1031,First-Line Supervisors of Transportation and Material-Moving Machine and Vehicle Operators,46429,43191,-3238,-6.97,21.94,22,0.06,-3238,3145,-1,Millennial Exit,-540,524
53,Baby Boomer,Transportation and Material Moving Occupations,1374052,1505802,131750,9.59,13.78,16,53-1031,First-Line Supervisors of Transportation and Material-Moving Machine and Vehicle Operators,34298,37443,3145,9.17,16.21,18,1.79,-3238,3145,-1,Millennial Exit,-540,524
19,Millennial,"Life, Physical, and Social Science Occupations",312140,328219,16079,5.15,26.96,27,19-1032,Foresters,2298,2108,-190,-8.27,20.5,20,-0.5,-190,78,-2,Millennial Exit,-32,13
19,Baby Boomer,"Life, Physical, and Social Science Occupations",189040,214879,25839,13.67,16.33,18,19-1032,Foresters,2203,2281,78,3.54,19.65,21,1.35,-190,78,-2,Millennial Exit,-32,13
11,Millennial,Management Occupations,1555952,1461670,-94282,-6.06,18.59,18,11-1021,General and Operations Managers,413598,377253,-36345,-8.79,19.29,20,0.71,-36345,11088,-3,Millennial Exit,-6058,1848
11,Baby Boomer,Management Occupations,1465399,1506812,41413,2.83,17.5,19,11-1021,General and Operations Managers,340557,351645,11088,3.26,15.88,18,2.12,-36345,11088,-3,Millennial Exit,-6058,1848
51,Millennial,Production Occupations,2484504,2167981,-316523,-12.74,24.53,24,51-9022,"Grinding and Polishing Workers, Hand",10528,8133,-2395,-22.75,27.58,26,-1.58,-2395,88,-26,Millennial Exit,-399,15
51,Baby Boomer,Production Occupations,1461071,1531321,70250,4.81,14.43,17,51-9022,"Grinding and Polishing Workers, Hand",4897,4985,88,1.8,12.83,16,3.17,-2395,88,-26,Millennial Exit,-399,15
39,Baby Boomer,Personal Care and Service Occupations,688295,808370,120075,17.45,13.14,14,39-5012,"Hairdressers, Hairstylists, and Cosmetologists",61565,67013,5448,8.85,9.64,10,0.36,29728,5448,6,Millennial Growth,4955,908
39,Millennial,Personal Care and Service Occupations,1451425,1654558,203133,14,27.7,29,39-5012,"Hairdressers, Hairstylists, and Cosmetologists",232384,262112,29728,12.79,36.39,39,2.61,29728,5448,6,Millennial Growth,4955,908
17,Baby Boomer,Architecture and Engineering Occupations,422861,462564,39703,9.39,15.93,18,17-2111,"Health and Safety Engineers, Except Mining Safety Engineers and Inspectors",4638,5192,554,11.94,18.37,21,2.63,-416,554,0,Millennial Exit,-69,92
17,Millennial,Architecture and Engineering Occupations,662470,593064,-69406,-10.48,24.96,24,17-2111,"Health and Safety Engineers, Except Mining Safety Engineers and Inspectors",4784,4368,-416,-8.7,18.95,18,-0.95,-416,554,0,Millennial Exit,-69,92
29,Baby Boomer,Healthcare Practitioners and Technical Occupations,1161066,1413668,252602,21.76,15.49,17,29-1199,"Health Diagnosing and Treating Practitioners, All Other",7837,9469,1632,20.82,20.33,22,1.67,1013,1632,1,Millennial Exit,169,272
29,Millennial,Healthcare Practitioners and Technical Occupations,1944312,2157397,213085,10.96,25.94,27,29-1199,"Health Diagnosing and Treating Practitioners, All Other",7390,8403,1013,13.71,19.17,20,0.83,1013,1632,1,Millennial Exit,169,272
21,Millennial,Community and Social Service Occupations,571034,615626,44592,7.81,25.21,26,21-1022,Healthcare Social Workers,38298,44126,5828,15.22,28.21,29,0.79,5828,5431,2,Millennial Growth,971,905
21,Baby Boomer,Community and Social Service Occupations,419589,457468,37879,9.03,18.52,19,21-1022,Healthcare Social Workers,23617,29048,5431,23,17.4,19,1.6,5828,5431,2,Millennial Growth,971,905
29,Baby Boomer,Healthcare Practitioners and Technical Occupations,1161066,1413668,252602,21.76,15.49,17,29-2092,Hearing Aid Specialists,462,607,145,31.39,9.33,11,1.67,376,145,3,Millennial Growth,63,24
29,Millennial,Healthcare Practitioners and Technical Occupations,1944312,2157397,213085,10.96,25.94,27,29-2092,Hearing Aid Specialists,1798,2174,376,20.91,36.35,39,2.65,376,145,3,Millennial Growth,63,24
49,Baby Boomer,"Installation, Maintenance, and Repair Occupations",865447,946602,81155,9.38,14.61,17,49-9021,"Heating, Air Conditioning, and Refrigeration Mechanics and Installers",29553,32438,2885,9.76,9.38,11,1.62,-11411,2885,-3,Millennial Exit,-1902,481
49,Millennial,"Installation, Maintenance, and Repair Occupations",1453597,1378460,-75137,-5.17,24.53,24,49-9021,"Heating, Air Conditioning, and Refrigeration Mechanics and Installers",107169,95758,-11411,-10.65,34.02,32,-2.02,-11411,2885,-3,Millennial Exit,-1902,481
47,Millennial,Construction and Extraction Occupations,2494960,2016673,-478287,-19.17,30.68,29,47-5081,Helpers--Extraction Workers,8674,11570,2896,33.39,39.51,41,1.49,2896,920,4,Millennial Growth,483,153
47,Baby Boomer,Construction and Extraction Occupations,853148,827748,-25400,-2.98,10.49,12,47-5081,Helpers--Extraction Workers,1591,2511,920,57.83,7.25,9,1.75,2896,920,4,Millennial Growth,483,153
53,Millennial,Transportation and Material Moving Occupations,2524305,2379228,-145077,-5.75,25.32,26,53-7041,Hoist and Winch Operators,962,982,20,2.08,32.6,34,1.4,20,91,1,Millennial Exit,3,15
53,Baby Boomer,Transportation and Material Moving Occupations,1374052,1505802,131750,9.59,13.78,16,53-7041,Hoist and Winch Operators,293,384,91,31.06,9.93,14,4.07,20,91,1,Millennial Exit,3,15
11,Baby Boomer,Management Occupations,1465399,1506812,41413,2.83,17.5,19,11-3051,Industrial Production Managers,31811,35029,3218,10.12,17.69,21,3.31,-2715,3218,0,Millennial Exit,-453,536
11,Millennial,Management Occupations,1555952,1461670,-94282,-6.06,18.59,18,11-3051,Industrial Production Managers,22911,20196,-2715,-11.85,12.74,13,0.26,-2715,3218,0,Millennial Exit,-453,536
13,Baby Boomer,Business and Financial Operations Occupations,1099023,1225149,126126,11.48,15.43,17,13-2053,Insurance Underwriters,15510,17525,2015,12.99,15.64,19,3.36,-3459,2015,-1,Millennial Exit,-577,336
13,Millennial,Business and Financial Operations Occupations,1992479,1981010,-11469,-0.58,27.97,27,13-2053,Insurance Underwriters,24938,21479,-3459,-13.87,25.14,23,-2.14,-3459,2015,-1,Millennial Exit,-577,336
29,Millennial,Healthcare Practitioners and Technical Occupations,1944312,2157397,213085,10.96,25.94,27,29-1063,"Internists, General",7620,8330,710,9.32,15.62,16,0.38,710,1525,1,Millennial Exit,118,254
29,Baby Boomer,Healthcare Practitioners and Technical Occupations,1161066,1413668,252602,21.76,15.49,17,29-1063,"Internists, General",9012,10537,1525,16.92,18.48,20,1.52,710,1525,1,Millennial Exit,118,254
13,Baby Boomer,Business and Financial Operations Occupations,1099023,1225149,126126,11.48,15.43,17,13-1075,Labor Relations Specialists,17910,18707,797,4.45,21.76,25,3.24,-1095,797,-1,Millennial Exit,-183,133
13,Millennial,Business and Financial Operations Occupations,1992479,1981010,-11469,-0.58,27.97,27,13-1075,Labor Relations Specialists,13173,12078,-1095,-8.31,16,15,-1,-1095,797,-1,Millennial Exit,-183,133
51,Baby Boomer,Production Occupations,1461071,1531321,70250,4.81,14.43,17,51-4034,"Lathe and Turning Machine Tool Setters, Operators, and Tenders, Metal and Plastic",7570,8105,535,7.07,17.9,21,3.1,-708,535,-1,Millennial Exit,-118,89
51,Millennial,Production Occupations,2484504,2167981,-316523,-12.74,24.53,24,51-4034,"Lathe and Turning Machine Tool Setters, Operators, and Tenders, Metal and Plastic",5944,5236,-708,-11.91,14.05,14,-0.05,-708,535,-1,Millennial Exit,-118,89
51,Millennial,Production Occupations,2484504,2167981,-316523,-12.74,24.53,24,51-4192,"Layout Workers, Metal and Plastic",3572,3103,-469,-13.13,25.25,24,-1.25,-469,305,-1,Millennial Exit,-78,51
51,Baby Boomer,Production Occupations,1461071,1531321,70250,4.81,14.43,17,51-4192,"Layout Workers, Metal and Plastic",1970,2275,305,15.48,13.93,18,4.07,-469,305,-1,Millennial Exit,-78,51
25,Millennial,"Education, Training, and Library Occupations",2051515,2114982,63467,3.09,23.88,25,25-4021,Librarians,28616,28705,89,0.31,20.53,20,-0.53,89,226,1,Millennial Exit,15,38
25,Baby Boomer,"Education, Training, and Library Occupations",1666597,1697604,31007,1.86,19.4,19,25-4021,Librarians,29211,29437,226,0.77,20.96,21,0.04,89,226,1,Millennial Exit,15,38
43,Millennial,Office and Administrative Support Occupations,6630203,6389681,-240522,-3.63,27.63,27,43-4121,"Library Assistants, Clerical",28149,29857,1708,6.07,22.69,23,0.31,1708,819,3,Millennial Growth,285,137
43,Baby Boomer,Office and Administrative Support Occupations,3591385,3937939,346554,9.65,14.97,17,43-4121,"Library Assistants, Clerical",21378,22197,819,3.83,17.23,17,-0.23,1708,819,3,Millennial Growth,285,137
19,Baby Boomer,"Life, Physical, and Social Science Occupations",189040,214879,25839,13.67,16.33,18,19-4099,"Life, Physical, and Social Science Technicians, All Other",7631,8421,790,10.35,13.43,14,0.57,637,790,1,Millennial Exit,106,132
19,Millennial,"Life, Physical, and Social Science Occupations",312140,328219,16079,5.15,26.96,27,19-4099,"Life, Physical, and Social Science Technicians, All Other",18236,18873,637,3.49,32.1,32,-0.1,637,790,1,Millennial Exit,106,132
53,Baby Boomer,Transportation and Material Moving Occupations,1374052,1505802,131750,9.59,13.78,16,53-3033,Light Truck or Delivery Services Drivers,129162,138162,9000,6.97,14.27,17,2.73,-26374,9000,-2,Millennial Exit,-4396,1500
53,Millennial,Transportation and Material Moving Occupations,2524305,2379228,-145077,-5.75,25.32,26,53-3033,Light Truck or Delivery Services Drivers,209402,183028,-26374,-12.59,23.13,22,-1.13,-26374,9000,-2,Millennial Exit,-4396,1500
45,Millennial,"Farming, Fishing, and Forestry Occupations",322034,337045,15011,4.66,28.77,30,45-4023,Log Graders and Scalers,1233,843,-390,-31.63,27.62,26,-1.62,-390,-1,NULL,Millennial Exit,-65,0
45,Baby Boomer,"Farming, Fishing, and Forestry Occupations",116155,124627,8472,7.29,10.38,11,45-4023,Log Graders and Scalers,417,416,-1,-0.24,9.35,13,3.65,-390,-1,NULL,Millennial Exit,-65,0
45,Baby Boomer,"Farming, Fishing, and Forestry Occupations",116155,124627,8472,7.29,10.38,11,45-4029,"Logging Workers, All Other",841,790,-51,-6.06,12.89,15,2.11,-426,-51,NULL,Shrinking,-71,-9
45,Millennial,"Farming, Fishing, and Forestry Occupations",322034,337045,15011,4.66,28.77,30,45-4029,"Logging Workers, All Other",1630,1204,-426,-26.13,24.99,24,-0.99,-426,-51,NULL,Shrinking,-71,-9
43,Baby Boomer,Office and Administrative Support Occupations,3591385,3937939,346554,9.65,14.97,17,43-9051,"Mail Clerks and Mail Machine Operators, Except Postal Service",18877,20445,1568,8.31,15.88,18,2.12,-2030,1568,-1,Millennial Exit,-338,261
43,Millennial,Office and Administrative Support Occupations,6630203,6389681,-240522,-3.63,27.63,27,43-9051,"Mail Clerks and Mail Machine Operators, Except Postal Service",31842,29812,-2030,-6.38,26.79,26,-0.79,-2030,1568,-1,Millennial Exit,-338,261
49,Baby Boomer,"Installation, Maintenance, and Repair Occupations",865447,946602,81155,9.38,14.61,17,49-9043,"Maintenance Workers, Machinery",18384,19904,1520,8.27,18.55,21,2.45,-1626,1520,-1,Millennial Exit,-271,253
49,Millennial,"Installation, Maintenance, and Repair Occupations",1453597,1378460,-75137,-5.17,24.53,24,49-9043,"Maintenance Workers, Machinery",18289,16663,-1626,-8.89,18.45,18,-0.45,-1626,1520,-1,Millennial Exit,-271,253
39,Baby Boomer,Personal Care and Service Occupations,688295,808370,120075,17.45,13.14,14,39-5091,"Makeup Artists, Theatrical and Performance",304,423,119,39.14,7.17,8,0.83,306,119,3,Millennial Growth,51,20
39,Millennial,Personal Care and Service Occupations,1451425,1654558,203133,14,27.7,29,39-5091,"Makeup Artists, Theatrical and Performance",1280,1586,306,23.91,30.14,31,0.86,306,119,3,Millennial Growth,51,20
29,Millennial,Healthcare Practitioners and Technical Occupations,1944312,2157397,213085,10.96,25.94,27,29-2012,Medical and Clinical Laboratory Technicians,45939,48571,2632,5.73,30.16,30,-0.16,2632,4988,1,Millennial Exit,439,831
29,Baby Boomer,Healthcare Practitioners and Technical Occupations,1161066,1413668,252602,21.76,15.49,17,29-2012,Medical and Clinical Laboratory Technicians,22852,27840,4988,21.83,15,17,2,2632,4988,1,Millennial Exit,439,831
51,Baby Boomer,Production Occupations,1461071,1531321,70250,4.81,14.43,17,51-9082,Medical Appliance Technicians,2094,2533,439,20.96,15.8,19,3.2,16,439,1,Millennial Exit,3,73
51,Millennial,Production Occupations,2484504,2167981,-316523,-12.74,24.53,24,51-9082,Medical Appliance Technicians,3183,3199,16,0.5,24.01,25,0.99,16,439,1,Millennial Exit,3,73
49,Baby Boomer,"Installation, Maintenance, and Repair Occupations",865447,946602,81155,9.38,14.61,17,49-9062,Medical Equipment Repairers,6135,7742,1607,26.19,17.72,20,2.28,479,1607,1,Millennial Exit,80,268
49,Millennial,"Installation, Maintenance, and Repair Occupations",1453597,1378460,-75137,-5.17,24.53,24,49-9062,Medical Equipment Repairers,8328,8807,479,5.75,24.06,23,-1.06,479,1607,1,Millennial Exit,80,268
55,Millennial,Military occupations,563376,572994,9618,1.71,27.59,27,55-9999,Military occupations,563376,572994,9618,1.71,27.59,27,-0.59,9618,4044,3,Millennial Growth,1603,674
55,Baby Boomer,Military occupations,345089,349133,4044,1.17,16.9,17,55-9999,Military occupations,345089,349133,4044,1.17,16.9,17,0.1,9618,4044,3,Millennial Growth,1603,674
17,Millennial,Architecture and Engineering Occupations,662470,593064,-69406,-10.48,24.96,24,17-2151,"Mining and Geological Engineers, Including Mining Safety Engineers",2173,2262,89,4.1,27.49,28,0.51,89,376,1,Millennial Exit,15,63
17,Baby Boomer,Architecture and Engineering Occupations,422861,462564,39703,9.39,15.93,18,17-2151,"Mining and Geological Engineers, Including Mining Safety Engineers",1439,1815,376,26.13,18.21,22,3.79,89,376,1,Millennial Exit,15,63
49,Baby Boomer,"Installation, Maintenance, and Repair Occupations",865447,946602,81155,9.38,14.61,17,49-3052,Motorcycle Mechanics,2046,2004,-42,-2.05,10.02,12,1.98,-1328,-42,NULL,Shrinking,-221,-7
49,Millennial,"Installation, Maintenance, and Repair Occupations",1453597,1378460,-75137,-5.17,24.53,24,49-3052,Motorcycle Mechanics,6507,5179,-1328,-20.41,31.88,31,-0.88,-1328,-42,NULL,Shrinking,-221,-7
29,Millennial,Healthcare Practitioners and Technical Occupations,1944312,2157397,213085,10.96,25.94,27,29-9011,Occupational Health and Safety Specialists,14514,14607,93,0.64,23.99,24,0.01,93,1517,1,Millennial Exit,16,253
29,Baby Boomer,Healthcare Practitioners and Technical Occupations,1161066,1413668,252602,21.76,15.49,17,29-9011,Occupational Health and Safety Specialists,10242,11759,1517,14.81,16.93,19,2.07,93,1517,1,Millennial Exit,16,253
43,Baby Boomer,Office and Administrative Support Occupations,3591385,3937939,346554,9.65,14.97,17,43-9199,"Office and Administrative Support Workers, All Other",50037,53734,3697,7.39,16.25,17,0.75,2812,3697,1,Millennial Exit,469,616
43,Millennial,Office and Administrative Support Occupations,6630203,6389681,-240522,-3.63,27.63,27,43-9199,"Office and Administrative Support Workers, All Other",85326,88138,2812,3.3,27.71,28,0.29,2812,3697,1,Millennial Exit,469,616
43,Baby Boomer,Office and Administrative Support Occupations,3591385,3937939,346554,9.65,14.97,17,43-4151,Order Clerks,31038,34481,3443,11.09,13.62,16,2.38,-3695,3443,-1,Millennial Exit,-616,574
43,Millennial,Office and Administrative Support Occupations,6630203,6389681,-240522,-3.63,27.63,27,43-4151,Order Clerks,69683,65988,-3695,-5.3,30.57,30,-0.57,-3695,3443,-1,Millennial Exit,-616,574
49,Baby Boomer,"Installation, Maintenance, and Repair Occupations",865447,946602,81155,9.38,14.61,17,49-3053,Outdoor Power Equipment and Other Small Engine Mechanics,4170,4740,570,13.67,13.34,16,2.66,-85,570,0,Millennial Exit,-14,95
49,Millennial,"Installation, Maintenance, and Repair Occupations",1453597,1378460,-75137,-5.17,24.53,24,49-3053,Outdoor Power Equipment and Other Small Engine Mechanics,7780,7695,-85,-1.09,24.89,26,1.11,-85,570,0,Millennial Exit,-14,95
51,Millennial,Production Occupations,2484504,2167981,-316523,-12.74,24.53,24,51-9122,"Painters, Transportation Equipment",19686,16967,-2719,-13.81,32.87,33,0.13,-2719,17,-151,Millennial Exit,-453,3
51,Baby Boomer,Production Occupations,1461071,1531321,70250,4.81,14.43,17,51-9122,"Painters, Transportation Equipment",4734,4751,17,0.36,7.9,9,1.1,-2719,17,-151,Millennial Exit,-453,3
29,Baby Boomer,Healthcare Practitioners and Technical Occupations,1161066,1413668,252602,21.76,15.49,17,29-1065,"Pediatricians, General",6195,7260,1065,17.19,18.75,20,1.25,585,1065,1,Millennial Exit,98,178
29,Millennial,Healthcare Practitioners and Technical Occupations,1944312,2157397,213085,10.96,25.94,27,29-1065,"Pediatricians, General",4815,5400,585,12.15,14.58,15,0.42,585,1065,1,Millennial Exit,98,178
51,Millennial,Production Occupations,2484504,2167981,-316523,-12.74,24.53,24,51-8093,"Petroleum Pump System Operators, Refinery Operators, and Gaugers",7295,8457,1162,15.93,17.51,19,1.49,1162,2015,1,Millennial Exit,194,336
51,Baby Boomer,Production Occupations,1461071,1531321,70250,4.81,14.43,17,51-8093,"Petroleum Pump System Operators, Refinery Operators, and Gaugers",7569,9584,2015,26.62,18.16,22,3.84,1162,2015,1,Millennial Exit,194,336
29,Baby Boomer,Healthcare Practitioners and Technical Occupations,1161066,1413668,252602,21.76,15.49,17,29-2052,Pharmacy Technicians,34028,39827,5799,17.04,9.79,11,1.21,15298,5799,3,Millennial Growth,2550,967
29,Millennial,Healthcare Practitioners and Technical Occupations,1944312,2157397,213085,10.96,25.94,27,29-2052,Pharmacy Technicians,139091,154389,15298,11,40,42,2,15298,5799,3,Millennial Growth,2550,967
51,Millennial,Production Occupations,2484504,2167981,-316523,-12.74,24.53,24,51-9151,Photographic Process Workers and Processing Machine Operators,17777,16739,-1038,-5.84,34.52,37,2.48,-1038,20,-57,Millennial Exit,-173,3
51,Baby Boomer,Production Occupations,1461071,1531321,70250,4.81,14.43,17,51-9151,Photographic Process Workers and Processing Machine Operators,5393,5413,20,0.37,10.47,12,1.53,-1038,20,-57,Millennial Exit,-173,3
19,Millennial,"Life, Physical, and Social Science Occupations",312140,328219,16079,5.15,26.96,27,19-2099,"Physical Scientists, All Other",7127,7579,452,6.34,25.78,25,-0.78,452,558,1,Millennial Exit,75,93
19,Baby Boomer,"Life, Physical, and Social Science Occupations",189040,214879,25839,13.67,16.33,18,19-2099,"Physical Scientists, All Other",4574,5132,558,12.2,16.54,17,0.46,452,558,1,Millennial Exit,75,93
17,Baby Boomer,Architecture and Engineering Occupations,422861,462564,39703,9.39,15.93,18,17-2011,Aerospace Engineers,14459,16779,2320,16.05,17.56,20,2.44,-439,2320,0,Millennial Exit,-73,387
17,Millennial,Architecture and Engineering Occupations,662470,593064,-69406,-10.48,24.96,24,17-2011,Aerospace Engineers,15693,15254,-439,-2.8,19.05,19,-0.05,-439,2320,0,Millennial Exit,-73,387
45,Baby Boomer,"Farming, Fishing, and Forestry Occupations",116155,124627,8472,7.29,10.38,11,45-2011,Agricultural Inspectors,2682,2929,247,9.21,18.08,19,0.92,89,247,1,Millennial Exit,15,41
45,Millennial,"Farming, Fishing, and Forestry Occupations",322034,337045,15011,4.66,28.77,30,45-2011,Agricultural Inspectors,2484,2573,89,3.58,16.74,17,0.26,89,247,1,Millennial Exit,15,41
17,Millennial,Architecture and Engineering Occupations,662470,593064,-69406,-10.48,24.96,24,17-3011,Architectural and Civil Drafters,40552,28338,-12214,-30.12,33.77,31,-2.77,-12214,-1326,NULL,Shrinking,-2036,-221
17,Baby Boomer,Architecture and Engineering Occupations,422861,462564,39703,9.39,15.93,18,17-3011,Architectural and Civil Drafters,15460,14134,-1326,-8.58,12.88,16,3.12,-12214,-1326,NULL,Shrinking,-2036,-221
51,Millennial,Production Occupations,2484504,2167981,-316523,-12.74,24.53,24,51-2099,"Assemblers and Fabricators, All Other",95550,84540,-11010,-11.52,29.41,30,0.59,-11010,595,-18,Millennial Exit,-1835,99
51,Baby Boomer,Production Occupations,1461071,1531321,70250,4.81,14.43,17,51-2099,"Assemblers and Fabricators, All Other",38773,39368,595,1.53,11.93,14,2.07,-11010,595,-18,Millennial Exit,-1835,99
19,Baby Boomer,"Life, Physical, and Social Science Occupations",189040,214879,25839,13.67,16.33,18,19-2011,Astronomers,428,488,60,14.02,17.74,19,1.26,25,60,1,Millennial Exit,4,10
19,Millennial,"Life, Physical, and Social Science Occupations",312140,328219,16079,5.15,26.96,27,19-2011,Astronomers,516,541,25,4.84,21.39,22,0.61,25,60,1,Millennial Exit,4,10
27,Baby Boomer,"Arts, Design, Entertainment, Sports, and Media Occupations",355964,374103,18139,5.1,13.26,14,27-2021,Athletes and Sports Competitors,1450,1718,268,18.48,8.43,9,0.57,861,268,4,Millennial Growth,144,45
27,Millennial,"Arts, Design, Entertainment, Sports, and Media Occupations",814043,788864,-25179,-3.09,30.31,30,27-2021,Athletes and Sports Competitors,6794,7655,861,12.67,39.48,42,2.52,861,268,4,Millennial Growth,144,45
29,Baby Boomer,Healthcare Practitioners and Technical Occupations,1161066,1413668,252602,21.76,15.49,17,29-1181,Audiologists,1005,1496,491,48.86,9.43,12,2.57,942,491,2,Millennial Growth,157,82
29,Millennial,Healthcare Practitioners and Technical Occupations,1944312,2157397,213085,10.96,25.94,27,29-1181,Audiologists,4356,5298,942,21.63,40.88,41,0.12,942,491,2,Millennial Growth,157,82
53,Millennial,Transportation and Material Moving Occupations,2524305,2379228,-145077,-5.75,25.32,26,53-6031,Automotive and Watercraft Service Attendants,35509,38444,2935,8.27,32.27,34,1.73,2935,2232,2,Millennial Growth,489,372
53,Baby Boomer,Transportation and Material Moving Occupations,1374052,1505802,131750,9.59,13.78,16,53-6031,Automotive and Watercraft Service Attendants,9447,11679,2232,23.63,8.58,10,1.42,2935,2232,2,Millennial Growth,489,372
33,Millennial,Protective Service Occupations,799790,828819,29029,3.63,23.88,24,33-3011,Bailiffs,3243,3141,-102,-3.15,18.91,19,0.09,-102,-90,NULL,Shrinking,-17,-15
33,Baby Boomer,Protective Service Occupations,549128,564740,15612,2.84,16.39,17,33-3011,Bailiffs,2544,2454,-90,-3.54,14.83,15,0.17,-102,-90,NULL,Shrinking,-17,-15
35,Baby Boomer,Food Preparation and Serving Related Occupations,715561,858635,143074,19.99,6.26,7,35-3011,Bartenders,35155,39049,3894,11.08,6.46,7,0.54,20753,3894,6,Millennial Growth,3459,649
35,Millennial,Food Preparation and Serving Related Occupations,3638345,4283180,644835,17.72,31.84,35,35-3011,Bartenders,281008,301761,20753,7.39,51.67,53,1.33,20753,3894,6,Millennial Growth,3459,649
13,Millennial,Business and Financial Operations Occupations,1992479,1981010,-11469,-0.58,27.97,27,13-1021,"Buyers and Purchasing Agents, Farm Products",2468,2472,4,0.16,19.19,20,0.81,4,182,1,Millennial Exit,1,30
13,Baby Boomer,Business and Financial Operations Occupations,1099023,1225149,126126,11.48,15.43,17,13-1021,"Buyers and Purchasing Agents, Farm Products",1777,1959,182,10.24,13.81,16,2.19,4,182,1,Millennial Exit,1,30
53,Millennial,Transportation and Material Moving Occupations,2524305,2379228,-145077,-5.75,25.32,26,53-5021,"Captains, Mates, and Pilots of Water Vessels",8196,8232,36,0.44,22.71,22,-0.71,36,921,1,Millennial Exit,6,154
53,Baby Boomer,Transportation and Material Moving Occupations,1374052,1505802,131750,9.59,13.78,16,53-5021,"Captains, Mates, and Pilots of Water Vessels",5797,6718,921,15.89,16.06,18,1.94,36,921,1,Millennial Exit,6,154
47,Millennial,Construction and Extraction Occupations,2494960,2016673,-478287,-19.17,30.68,29,47-2041,Carpet Installers,21370,15476,-5894,-27.58,36.23,35,-1.23,-5894,-545,NULL,Shrinking,-982,-91
47,Baby Boomer,Construction and Extraction Occupations,853148,827748,-25400,-2.98,10.49,12,47-2041,Carpet Installers,3866,3321,-545,-14.1,6.55,8,1.45,-5894,-545,NULL,Shrinking,-982,-91
27,Millennial,"Arts, Design, Entertainment, Sports, and Media Occupations",814043,788864,-25179,-3.09,30.31,30,27-2032,Choreographers,5543,6336,793,14.31,71.28,72,0.72,793,29,27,Millennial Growth,132,5
27,Baby Boomer,"Arts, Design, Entertainment, Sports, and Media Occupations",355964,374103,18139,5.1,13.26,14,27-2032,Choreographers,82,111,29,35.37,1.06,1,-0.06,793,29,27,Millennial Growth,132,5
21,Baby Boomer,Community and Social Service Occupations,419589,457468,37879,9.03,18.52,19,21-2011,Clergy,57767,59361,1594,2.76,24.58,25,0.42,187,1594,1,Millennial Exit,31,266
21,Millennial,Community and Social Service Occupations,571034,615626,44592,7.81,25.21,26,21-2011,Clergy,27674,27861,187,0.68,11.77,11,-0.77,187,1594,1,Millennial Exit,31,266
49,Baby Boomer,"Installation, Maintenance, and Repair Occupations",865447,946602,81155,9.38,14.61,17,49-9091,"Coin, Vending, and Amusement Machine Servicers and Repairers",6789,7228,439,6.47,15.5,18,2.5,-270,439,0,Millennial Exit,-45,73
49,Millennial,"Installation, Maintenance, and Repair Occupations",1453597,1378460,-75137,-5.17,24.53,24,49-9091,"Coin, Vending, and Amusement Machine Servicers and Repairers",10101,9831,-270,-2.67,23.06,24,0.94,-270,439,0,Millennial Exit,-45,73
53,Baby Boomer,Transportation and Material Moving Occupations,1374052,1505802,131750,9.59,13.78,16,53-2012,Commercial Pilots,7468,7484,16,0.21,19.19,21,1.81,-968,16,-53,Millennial Exit,-161,3
53,Millennial,Transportation and Material Moving Occupations,2524305,2379228,-145077,-5.75,25.32,26,53-2012,Commercial Pilots,7552,6584,-968,-12.82,19.41,18,-1.41,-968,16,-53,Millennial Exit,-161,3
17,Baby Boomer,Architecture and Engineering Occupations,422861,462564,39703,9.39,15.93,18,17-2061,Computer Hardware Engineers,7890,9152,1262,15.99,9.41,11,1.59,-1792,1262,-1,Millennial Exit,-299,210
17,Millennial,Architecture and Engineering Occupations,662470,593064,-69406,-10.48,24.96,24,17-2061,Computer Hardware Engineers,24947,23155,-1792,-7.18,29.76,28,-1.76,-1792,1262,-1,Millennial Exit,-299,210
43,Millennial,Office and Administrative Support Occupations,6630203,6389681,-240522,-3.63,27.63,27,43-9011,Computer Operators,20521,18144,-2377,-11.58,23.6,23,-0.6,-2377,686,-3,Millennial Exit,-396,114
43,Baby Boomer,Office and Administrative Support Occupations,3591385,3937939,346554,9.65,14.97,17,43-9011,Computer Operators,13424,14110,686,5.11,15.44,18,2.56,-2377,686,-3,Millennial Exit,-396,114
49,Baby Boomer,"Installation, Maintenance, and Repair Occupations",865447,946602,81155,9.38,14.61,17,49-2011,"Computer, Automated Teller, and Office Machine Repairers",16452,19916,3464,21.06,11.1,14,2.9,-6362,3464,-1,Millennial Exit,-1060,577
49,Millennial,"Installation, Maintenance, and Repair Occupations",1453597,1378460,-75137,-5.17,24.53,24,49-2011,"Computer, Automated Teller, and Office Machine Repairers",46719,40357,-6362,-13.62,31.51,29,-2.51,-6362,3464,-1,Millennial Exit,-1060,577
43,Baby Boomer,Office and Administrative Support Occupations,3591385,3937939,346554,9.65,14.97,17,43-4021,Correspondence Clerks,1576,1703,127,8.06,13.87,16,2.13,-341,127,-2,Millennial Exit,-57,21
43,Millennial,Office and Administrative Support Occupations,6630203,6389681,-240522,-3.63,27.63,27,43-4021,Correspondence Clerks,3188,2847,-341,-10.7,28.06,27,-1.06,-341,127,-2,Millennial Exit,-57,21
27,Baby Boomer,"Arts, Design, Entertainment, Sports, and Media Occupations",355964,374103,18139,5.1,13.26,14,27-1012,Craft Artists,5947,5407,-540,-9.08,22.84,23,0.16,-405,-540,NULL,Shrinking,-68,-90
27,Millennial,"Arts, Design, Entertainment, Sports, and Media Occupations",814043,788864,-25179,-3.09,30.31,30,27-1012,Craft Artists,3813,3408,-405,-10.62,14.64,15,0.36,-405,-540,NULL,Shrinking,-68,-90
43,Baby Boomer,Office and Administrative Support Occupations,3591385,3937939,346554,9.65,14.97,17,43-4041,"Credit Authorizers, Checkers, and Clerks",5951,6681,730,12.27,10.37,13,2.63,-2685,730,-3,Millennial Exit,-448,122
43,Millennial,Office and Administrative Support Occupations,6630203,6389681,-240522,-3.63,27.63,27,43-4041,"Credit Authorizers, Checkers, and Clerks",21607,18922,-2685,-12.43,37.66,37,-0.66,-2685,730,-3,Millennial Exit,-448,122
51,Millennial,Production Occupations,2484504,2167981,-316523,-12.74,24.53,24,51-4031,"Cutting, Punching, and Press Machine Setters, Operators, and Tenders, Metal and Plastic",55600,45896,-9704,-17.45,25.41,25,-0.41,-9704,154,-62,Millennial Exit,-1617,26
51,Baby Boomer,Production Occupations,1461071,1531321,70250,4.81,14.43,17,51-4031,"Cutting, Punching, and Press Machine Setters, Operators, and Tenders, Metal and Plastic",31339,31493,154,0.49,14.32,17,2.68,-9704,154,-62,Millennial Exit,-1617,26
27,Millennial,"Arts, Design, Entertainment, Sports, and Media Occupations",814043,788864,-25179,-3.09,30.31,30,27-2031,Dancers,11274,11422,148,1.31,67.19,68,0.81,148,23,7,Millennial Growth,25,4
27,Baby Boomer,"Arts, Design, Entertainment, Sports, and Media Occupations",355964,374103,18139,5.1,13.26,14,27-2031,Dancers,105,128,23,21.9,0.62,1,0.38,148,23,7,Millennial Growth,25,4
43,Baby Boomer,Office and Administrative Support Occupations,3591385,3937939,346554,9.65,14.97,17,43-9021,Data Entry Keyers,33338,34042,704,2.11,13.15,15,1.85,-9144,704,-13,Millennial Exit,-1524,117
43,Millennial,Office and Administrative Support Occupations,6630203,6389681,-240522,-3.63,27.63,27,43-9021,Data Entry Keyers,81019,71875,-9144,-11.29,31.95,32,0.05,-9144,704,-13,Millennial Exit,-1524,117
41,Millennial,Sales and Related Occupations,4431037,4504482,73445,1.66,27.02,28,41-9011,Demonstrators and Product Promoters,26079,23715,-2364,-9.06,25.63,25,-0.63,-2364,905,-2,Millennial Exit,-394,151
41,Baby Boomer,Sales and Related Occupations,2093226,2275446,182220,8.71,12.76,14,41-9011,Demonstrators and Product Promoters,14987,15892,905,6.04,14.73,17,2.27,-2364,905,-2,Millennial Exit,-394,151
11,Millennial,Management Occupations,1555952,1461670,-94282,-6.06,18.59,18,11-9039,"Education Administrators, All Other",6728,7369,641,9.53,20.84,22,1.16,641,614,2,Millennial Growth,107,102
11,Baby Boomer,Management Occupations,1465399,1506812,41413,2.83,17.5,19,11-9039,"Education Administrators, All Other",6809,7423,614,9.02,21.09,22,0.91,641,614,2,Millennial Growth,107,102
25,Baby Boomer,"Education, Training, and Library Occupations",1666597,1697604,31007,1.86,19.4,19,25-9099,"Education, Training, and Library Workers, All Other",21381,22236,855,4,21.28,22,0.72,936,855,2,Millennial Growth,156,143
25,Millennial,"Education, Training, and Library Occupations",2051515,2114982,63467,3.09,23.88,25,25-9099,"Education, Training, and Library Workers, All Other",22555,23491,936,4.15,22.45,23,0.55,936,855,2,Millennial Growth,156,143
51,Baby Boomer,Production Occupations,1461071,1531321,70250,4.81,14.43,17,51-2022,Electrical and Electronic Equipment Assemblers,40061,41778,1717,4.29,17.87,21,3.13,-7883,1717,-4,Millennial Exit,-1314,286
51,Millennial,Production Occupations,2484504,2167981,-316523,-12.74,24.53,24,51-2022,Electrical and Electronic Equipment Assemblers,45384,37501,-7883,-17.37,20.24,19,-1.24,-7883,1717,-4,Millennial Exit,-1314,286
51,Millennial,Production Occupations,2484504,2167981,-316523,-12.74,24.53,24,51-2023,Electromechanical Equipment Assemblers,10789,9240,-1549,-14.36,19.25,18,-1.25,-1549,982,-1,Millennial Exit,-258,164
51,Baby Boomer,Production Occupations,1461071,1531321,70250,4.81,14.43,17,51-2023,Electromechanical Equipment Assemblers,10925,11907,982,8.99,19.49,23,3.51,-1549,982,-1,Millennial Exit,-258,164
17,Baby Boomer,Architecture and Engineering Occupations,422861,462564,39703,9.39,15.93,18,17-3024,Electro-Mechanical Technicians,2718,3218,500,18.4,15.17,18,2.83,-87,500,0,Millennial Exit,-15,83
17,Millennial,Architecture and Engineering Occupations,662470,593064,-69406,-10.48,24.96,24,17-3024,Electro-Mechanical Technicians,3621,3534,-87,-2.4,20.21,20,-0.21,-87,500,0,Millennial Exit,-15,83
19,Baby Boomer,"Life, Physical, and Social Science Occupations",189040,214879,25839,13.67,16.33,18,19-4091,"Environmental Science and Protection Technicians, Including Health",3951,4681,730,18.48,12.95,14,1.05,677,730,1,Millennial Exit,113,122
19,Millennial,"Life, Physical, and Social Science Occupations",312140,328219,16079,5.15,26.96,27,19-4091,"Environmental Science and Protection Technicians, Including Health",9692,10369,677,6.99,31.78,31,-0.78,677,730,1,Millennial Exit,113,122
47,Baby Boomer,Construction and Extraction Occupations,853148,827748,-25400,-2.98,10.49,12,47-5099,"Extraction Workers, All Other",521,817,296,56.81,6.73,9,2.27,994,296,4,Millennial Growth,166,49
47,Millennial,Construction and Extraction Occupations,2494960,2016673,-478287,-19.17,30.68,29,47-5099,"Extraction Workers, All Other",3112,4106,994,31.94,40.23,44,3.77,994,296,4,Millennial Growth,166,49
25,Baby Boomer,"Education, Training, and Library Occupations",1666597,1697604,31007,1.86,19.4,19,25-9021,Farm and Home Management Advisors,2478,2736,258,10.41,21.11,22,0.89,112,258,1,Millennial Exit,19,43
25,Millennial,"Education, Training, and Library Occupations",2051515,2114982,63467,3.09,23.88,25,25-9021,Farm and Home Management Advisors,2547,2659,112,4.4,21.71,22,0.29,112,258,1,Millennial Exit,19,43
45,Baby Boomer,"Farming, Fishing, and Forestry Occupations",116155,124627,8472,7.29,10.38,11,45-2092,"Farmworkers and Laborers, Crop, Nursery, and Greenhouse",64310,70211,5901,9.18,9,9,0,16395,5901,3,Millennial Growth,2733,984
45,Millennial,"Farming, Fishing, and Forestry Occupations",322034,337045,15011,4.66,28.77,30,45-2092,"Farmworkers and Laborers, Crop, Nursery, and Greenhouse",217265,233660,16395,7.55,30.42,32,1.58,16395,5901,3,Millennial Growth,2733,984
11,Baby Boomer,Management Occupations,1465399,1506812,41413,2.83,17.5,19,11-3031,Financial Managers,80271,86352,6081,7.58,14.82,17,2.18,-8569,6081,-1,Millennial Exit,-1428,1014
11,Millennial,Management Occupations,1555952,1461670,-94282,-6.06,18.59,18,11-3031,Financial Managers,121445,112876,-8569,-7.06,22.43,22,-0.43,-8569,6081,-1,Millennial Exit,-1428,1014
43,Baby Boomer,Office and Administrative Support Occupations,3591385,3937939,346554,9.65,14.97,17,43-1011,First-Line Supervisors of Office and Administrative Support Workers,232946,257407,24461,10.5,16.03,18,1.97,-10842,24461,0,Millennial Exit,-1807,4077
43,Millennial,Office and Administrative Support Occupations,6630203,6389681,-240522,-3.63,27.63,27,43-1011,First-Line Supervisors of Office and Administrative Support Workers,345263,334421,-10842,-3.14,23.76,23,-0.76,-10842,24461,0,Millennial Exit,-1807,4077
39,Baby Boomer,Personal Care and Service Occupations,688295,808370,120075,17.45,13.14,14,39-9031,Fitness Trainers and Aerobics Instructors,20174,23989,3815,18.91,8.1,9,0.9,11821,3815,4,Millennial Growth,1970,636
39,Millennial,Personal Care and Service Occupations,1451425,1654558,203133,14,27.7,29,39-9031,Fitness Trainers and Aerobics Instructors,76463,88284,11821,15.46,30.7,33,2.3,11821,3815,4,Millennial Growth,1970,636
27,Millennial,"Arts, Design, Entertainment, Sports, and Media Occupations",814043,788864,-25179,-3.09,30.31,30,27-1023,Floral Designers,14813,12194,-2619,-17.68,20.71,22,1.29,-2619,-1424,NULL,Shrinking,-437,-237
27,Baby Boomer,"Arts, Design, Entertainment, Sports, and Media Occupations",355964,374103,18139,5.1,13.26,14,27-1023,Floral Designers,13200,11776,-1424,-10.79,18.46,21,2.54,-2619,-1424,NULL,Shrinking,-437,-237
51,Millennial,Production Occupations,2484504,2167981,-316523,-12.74,24.53,24,51-3091,"Food and Tobacco Roasting, Baking, and Drying Machine Operators and Tenders",4414,4694,280,6.34,21.4,23,1.6,280,586,1,Millennial Exit,47,98
51,Baby Boomer,Production Occupations,1461071,1531321,70250,4.81,14.43,17,51-3091,"Food and Tobacco Roasting, Baking, and Drying Machine Operators and Tenders",2219,2805,586,26.41,10.76,13,2.24,280,586,1,Millennial Exit,47,98
19,Millennial,"Life, Physical, and Social Science Occupations",312140,328219,16079,5.15,26.96,27,19-1012,Food Scientists and Technologists,3491,3519,28,0.8,23.83,23,-0.83,28,820,1,Millennial Exit,5,137
19,Baby Boomer,"Life, Physical, and Social Science Occupations",189040,214879,25839,13.67,16.33,18,19-1012,Food Scientists and Technologists,3219,4039,820,25.47,21.98,26,4.02,28,820,1,Millennial Exit,5,137
19,Millennial,"Life, Physical, and Social Science Occupations",312140,328219,16079,5.15,26.96,27,19-4092,Forensic Science Technicians,2475,2638,163,6.59,20.14,21,0.86,163,82,2,Millennial Growth,27,14
19,Baby Boomer,"Life, Physical, and Social Science Occupations",189040,214879,25839,13.67,16.33,18,19-4092,Forensic Science Technicians,1768,1850,82,4.64,14.39,14,-0.39,163,82,2,Millennial Growth,27,14
11,Millennial,Management Occupations,1555952,1461670,-94282,-6.06,18.59,18,11-9061,Funeral Service Managers,998,1018,20,2,10.43,10,-0.43,20,382,1,Millennial Exit,3,64
11,Baby Boomer,Management Occupations,1465399,1506812,41413,2.83,17.5,19,11-9061,Funeral Service Managers,2221,2603,382,17.2,23.2,26,2.8,20,382,1,Millennial Exit,3,64
51,Baby Boomer,Production Occupations,1461071,1531321,70250,4.81,14.43,17,51-9051,"Furnace, Kiln, Oven, Drier, and Kettle Operators and Tenders",3801,3952,151,3.97,15.37,19,3.63,-1213,151,-8,Millennial Exit,-202,25
51,Millennial,Production Occupations,2484504,2167981,-316523,-12.74,24.53,24,51-9051,"Furnace, Kiln, Oven, Drier, and Kettle Operators and Tenders",4592,3379,-1213,-26.42,18.57,17,-1.57,-1213,151,-8,Millennial Exit,-202,25
39,Baby Boomer,Personal Care and Service Occupations,688295,808370,120075,17.45,13.14,14,39-3012,Gaming and Sports Book Writers and Runners,1953,2133,180,9.22,12.69,14,1.31,97,180,1,Millennial Exit,16,30
39,Millennial,Personal Care and Service Occupations,1451425,1654558,203133,14,27.7,29,39-3012,Gaming and Sports Book Writers and Runners,3287,3384,97,2.95,21.36,22,0.64,97,180,1,Millennial Exit,16,30
43,Baby Boomer,Office and Administrative Support Occupations,3591385,3937939,346554,9.65,14.97,17,43-3041,Gaming Cage Workers,3511,3171,-340,-9.68,16.2,17,0.8,-1006,-340,NULL,Shrinking,-168,-57
43,Millennial,Office and Administrative Support Occupations,6630203,6389681,-240522,-3.63,27.63,27,43-3041,Gaming Cage Workers,5856,4850,-1006,-17.18,27.02,26,-1.02,-1006,-340,NULL,Shrinking,-168,-57
11,Baby Boomer,Management Occupations,1465399,1506812,41413,2.83,17.5,19,11-9071,Gaming Managers,871,907,36,4.13,16.7,18,1.3,-34,36,-1,Millennial Exit,-6,6
11,Millennial,Management Occupations,1555952,1461670,-94282,-6.06,18.59,18,11-9071,Gaming Managers,984,950,-34,-3.46,18.86,19,0.14,-34,36,-1,Millennial Exit,-6,6
39,Baby Boomer,Personal Care and Service Occupations,688295,808370,120075,17.45,13.14,14,39-3019,"Gaming Service Workers, All Other",1934,2006,72,3.72,13.27,14,0.73,32,72,1,Millennial Exit,5,12
39,Millennial,Personal Care and Service Occupations,1451425,1654558,203133,14,27.7,29,39-3019,"Gaming Service Workers, All Other",3387,3419,32,0.94,23.25,24,0.75,32,72,1,Millennial Exit,5,12
47,Millennial,Construction and Extraction Occupations,2494960,2016673,-478287,-19.17,30.68,29,47-2121,Glaziers,25693,17294,-8399,-32.69,38.28,37,-1.28,-8399,-546,NULL,Shrinking,-1400,-91
47,Baby Boomer,Construction and Extraction Occupations,853148,827748,-25400,-2.98,10.49,12,47-2121,Glaziers,5081,4535,-546,-10.75,7.57,10,2.43,-8399,-546,NULL,Shrinking,-1400,-91
29,Baby Boomer,Healthcare Practitioners and Technical Occupations,1161066,1413668,252602,21.76,15.49,17,29-9099,"Healthcare Practitioners and Technical Workers, All Other",6194,7424,1230,19.86,13.22,15,1.78,1211,1230,1,Millennial Exit,202,205
29,Millennial,Healthcare Practitioners and Technical Occupations,1944312,2157397,213085,10.96,25.94,27,29-9099,"Healthcare Practitioners and Technical Workers, All Other",14689,15900,1211,8.24,31.35,32,0.65,1211,1230,1,Millennial Exit,202,205
47,Baby Boomer,Construction and Extraction Occupations,853148,827748,-25400,-2.98,10.49,12,47-3011,"Helpers--Brickmasons, Blockmasons, Stonemasons, and Tile and Marble Setters",2170,1840,-330,-15.21,5.02,7,1.98,-5755,-330,NULL,Shrinking,-959,-55
47,Millennial,Construction and Extraction Occupations,2494960,2016673,-478287,-19.17,30.68,29,47-3011,"Helpers--Brickmasons, Blockmasons, Stonemasons, and Tile and Marble Setters",15120,9365,-5755,-38.06,34.99,37,2.01,-5755,-330,NULL,Shrinking,-959,-55
35,Baby Boomer,Food Preparation and Serving Related Occupations,715561,858635,143074,19.99,6.26,7,35-9031,"Hosts and Hostesses, Restaurant, Lounge, and Coffee Shop",12945,17623,4678,36.14,3.8,5,1.2,17699,4678,4,Millennial Growth,2950,780
35,Millennial,Food Preparation and Serving Related Occupations,3638345,4283180,644835,17.72,31.84,35,35-9031,"Hosts and Hostesses, Restaurant, Lounge, and Coffee Shop",69701,87400,17699,25.39,20.46,24,3.54,17699,4678,4,Millennial Growth,2950,780
43,Millennial,Office and Administrative Support Occupations,6630203,6389681,-240522,-3.63,27.63,27,43-4081,"Hotel, Motel, and Resort Desk Clerks",101070,105801,4731,4.68,43.34,46,2.66,4731,2897,2,Millennial Growth,789,483
43,Baby Boomer,Office and Administrative Support Occupations,3591385,3937939,346554,9.65,14.97,17,43-4081,"Hotel, Motel, and Resort Desk Clerks",20158,23055,2897,14.37,8.64,10,1.36,4731,2897,2,Millennial Growth,789,483
43,Baby Boomer,Office and Administrative Support Occupations,3591385,3937939,346554,9.65,14.97,17,43-4161,"Human Resources Assistants, Except Payroll and Timekeeping",21956,25021,3065,13.96,14.72,16,1.28,-144,3065,0,Millennial Exit,-24,511
43,Millennial,Office and Administrative Support Occupations,6630203,6389681,-240522,-3.63,27.63,27,43-4161,"Human Resources Assistants, Except Payroll and Timekeeping",43930,43786,-144,-0.33,29.46,29,-0.46,-144,3065,0,Millennial Exit,-24,511
43,Baby Boomer,Office and Administrative Support Occupations,3591385,3937939,346554,9.65,14.97,17,43-4199,"Information and Record Clerks, All Other",30732,33943,3211,10.45,16.08,17,0.92,1636,3211,1,Millennial Exit,273,535
43,Millennial,Office and Administrative Support Occupations,6630203,6389681,-240522,-3.63,27.63,27,43-4199,"Information and Record Clerks, All Other",49821,51457,1636,3.28,26.07,26,-0.07,1636,3211,1,Millennial Exit,273,535
13,Baby Boomer,Business and Financial Operations Occupations,1099023,1225149,126126,11.48,15.43,17,13-1032,"Insurance Appraisers, Auto Damage",1811,2017,206,11.37,13.37,16,2.63,-523,206,-2,Millennial Exit,-87,34
13,Millennial,Business and Financial Operations Occupations,1992479,1981010,-11469,-0.58,27.97,27,13-1032,"Insurance Appraisers, Auto Damage",3620,3097,-523,-14.45,26.73,25,-1.73,-523,206,-2,Millennial Exit,-87,34
43,Baby Boomer,Office and Administrative Support Occupations,3591385,3937939,346554,9.65,14.97,17,43-4111,"Interviewers, Except Eligibility and Loan",29404,35947,6543,22.25,14.06,16,1.94,6452,6543,1,Millennial Exit,1075,1091
43,Millennial,Office and Administrative Support Occupations,6630203,6389681,-240522,-3.63,27.63,27,43-4111,"Interviewers, Except Eligibility and Loan",67365,73817,6452,9.58,32.21,33,0.79,6452,6543,1,Millennial Exit,1075,1091
23,Baby Boomer,Legal Occupations,214033,222448,8415,3.93,16.43,18,23-1023,"Judges, Magistrate Judges, and Magistrates",4730,4516,-214,-4.52,16.43,16,-0.43,-252,-214,NULL,Shrinking,-42,-36
23,Millennial,Legal Occupations,335642,320408,-15234,-4.54,25.76,26,23-1023,"Judges, Magistrate Judges, and Magistrates",5845,5593,-252,-4.31,20.3,20,-0.3,-252,-214,NULL,Shrinking,-42,-36
17,Baby Boomer,Architecture and Engineering Occupations,422861,462564,39703,9.39,15.93,18,17-1012,Landscape Architects,3646,3376,-270,-7.41,14.5,16,1.5,-1582,-270,NULL,Shrinking,-264,-45
17,Millennial,Architecture and Engineering Occupations,662470,593064,-69406,-10.48,24.96,24,17-1012,Landscape Architects,6989,5407,-1582,-22.64,27.79,26,-1.79,-1582,-270,NULL,Shrinking,-264,-45
23,Baby Boomer,Legal Occupations,214033,222448,8415,3.93,16.43,18,23-2099,"Legal Support Workers, All Other",8662,9104,442,5.1,15.55,16,0.45,-236,442,0,Millennial Exit,-39,74
23,Millennial,Legal Occupations,335642,320408,-15234,-4.54,25.76,26,23-2099,"Legal Support Workers, All Other",15252,15016,-236,-1.55,27.38,27,-0.38,-236,442,0,Millennial Exit,-39,74
11,Baby Boomer,Management Occupations,1465399,1506812,41413,2.83,17.5,19,11-1031,Legislators,10346,9738,-608,-5.88,17.09,17,-0.09,-698,-608,NULL,Shrinking,-116,-101
11,Millennial,Management Occupations,1555952,1461670,-94282,-6.06,18.59,18,11-1031,Legislators,12342,11644,-698,-5.66,20.39,21,0.61,-698,-608,NULL,Shrinking,-116,-101
25,Baby Boomer,"Education, Training, and Library Occupations",1666597,1697604,31007,1.86,19.4,19,25-4031,Library Technicians,21708,22566,858,3.95,17.79,18,0.21,1544,858,2,Millennial Growth,257,143
25,Millennial,"Education, Training, and Library Occupations",2051515,2114982,63467,3.09,23.88,25,25-4031,Library Technicians,27024,28568,1544,5.71,22.14,23,0.86,1544,858,2,Millennial Growth,257,143
29,Baby Boomer,Healthcare Practitioners and Technical Occupations,1161066,1413668,252602,21.76,15.49,17,29-2061,Licensed Practical and Licensed Vocational Nurses,122360,145095,22735,18.58,17.43,19,1.57,15776,22735,1,Millennial Exit,2629,3789
29,Millennial,Healthcare Practitioners and Technical Occupations,1944312,2157397,213085,10.96,25.94,27,29-2061,Licensed Practical and Licensed Vocational Nurses,167642,183418,15776,9.41,23.88,24,0.12,15776,22735,1,Millennial Exit,2629,3789
33,Baby Boomer,Protective Service Occupations,549128,564740,15612,2.84,16.39,17,33-9092,"Lifeguards, Ski Patrol, and Other Recreational Protective Service Workers",11179,12152,973,8.7,8.49,9,0.51,2501,973,3,Millennial Growth,417,162
33,Millennial,Protective Service Occupations,799790,828819,29029,3.63,23.88,24,33-9092,"Lifeguards, Ski Patrol, and Other Recreational Protective Service Workers",21085,23586,2501,11.86,16.01,17,0.99,2501,973,3,Millennial Growth,417,162
13,Millennial,Business and Financial Operations Occupations,1992479,1981010,-11469,-0.58,27.97,27,13-1111,Management Analysts,162645,168051,5406,3.32,23.62,23,-0.62,5406,13950,1,Millennial Exit,901,2325
13,Baby Boomer,Business and Financial Operations Occupations,1099023,1225149,126126,11.48,15.43,17,13-1111,Management Analysts,126715,140665,13950,11.01,18.4,19,0.6,5406,13950,1,Millennial Exit,901,2325
51,Millennial,Production Occupations,2484504,2167981,-316523,-12.74,24.53,24,51-3022,"Meat, Poultry, and Fish Cutters and Trimmers",57601,53897,-3704,-6.43,34.81,34,-0.81,-3704,3554,-1,Millennial Exit,-617,592
51,Baby Boomer,Production Occupations,1461071,1531321,70250,4.81,14.43,17,51-3022,"Meat, Poultry, and Fish Cutters and Trimmers",17218,20772,3554,20.64,10.4,13,2.6,-3704,3554,-1,Millennial Exit,-617,592
27,Baby Boomer,"Arts, Design, Entertainment, Sports, and Media Occupations",355964,374103,18139,5.1,13.26,14,27-4099,"Media and Communication Equipment Workers, All Other",1835,2044,209,11.39,11.3,12,0.7,205,209,1,Millennial Exit,34,35
27,Millennial,"Arts, Design, Entertainment, Sports, and Media Occupations",814043,788864,-25179,-3.09,30.31,30,27-4099,"Media and Communication Equipment Workers, All Other",4881,5086,205,4.2,30.05,30,-0.05,205,209,1,Millennial Exit,34,35
21,Baby Boomer,Community and Social Service Occupations,419589,457468,37879,9.03,18.52,19,21-1014,Mental Health Counselors,19662,24201,4539,23.09,17.09,19,1.91,5651,4539,2,Millennial Growth,942,757
21,Millennial,Community and Social Service Occupations,571034,615626,44592,7.81,25.21,26,21-1014,Mental Health Counselors,36257,41908,5651,15.59,31.51,32,0.49,5651,4539,2,Millennial Growth,942,757
43,Millennial,Office and Administrative Support Occupations,6630203,6389681,-240522,-3.63,27.63,27,43-5041,"Meter Readers, Utilities",9869,10233,364,3.69,24.61,25,0.39,364,794,1,Millennial Exit,61,132
43,Baby Boomer,Office and Administrative Support Occupations,3591385,3937939,346554,9.65,14.97,17,43-5041,"Meter Readers, Utilities",5902,6696,794,13.45,14.72,17,2.28,364,794,1,Millennial Exit,61,132
25,Baby Boomer,"Education, Training, and Library Occupations",1666597,1697604,31007,1.86,19.4,19,25-2022,"Middle School Teachers, Except Special and Career/Technical Education",126733,128437,1704,1.34,21.06,21,-0.06,3647,1704,3,Millennial Growth,608,284
25,Millennial,"Education, Training, and Library Occupations",2051515,2114982,63467,3.09,23.88,25,25-2022,"Middle School Teachers, Except Special and Career/Technical Education",133179,136826,3647,2.74,22.13,22,-0.13,3647,1704,3,Millennial Growth,608,284
39,Millennial,Personal Care and Service Occupations,1451425,1654558,203133,14,27.7,29,39-3021,Motion Picture Projectionists,4223,4332,109,2.58,47.51,54,6.49,109,35,3,Millennial Growth,18,6
39,Baby Boomer,Personal Care and Service Occupations,688295,808370,120075,17.45,13.14,14,39-3021,Motion Picture Projectionists,351,386,35,9.97,3.95,5,1.05,109,35,3,Millennial Growth,18,6
23,Baby Boomer,Legal Occupations,214033,222448,8415,3.93,16.43,18,23-2011,Paralegals and Legal Assistants,36752,43579,6827,18.58,13.26,15,1.74,-1546,6827,0,Millennial Exit,-258,1138
23,Millennial,Legal Occupations,335642,320408,-15234,-4.54,25.76,26,23-2011,Paralegals and Legal Assistants,91083,89537,-1546,-1.7,32.87,31,-1.87,-1546,6827,0,Millennial Exit,-258,1138
37,Baby Boomer,Building and Grounds Cleaning and Maintenance Occupations,876401,966863,90462,10.32,15.1,16,37-3012,"Pesticide Handlers, Sprayers, and Applicators, Vegetation",3331,3888,557,16.72,10.14,12,1.86,37,557,1,Millennial Exit,6,93
37,Millennial,Building and Grounds Cleaning and Maintenance Occupations,1333020,1386529,53509,4.01,22.97,23,37-3012,"Pesticide Handlers, Sprayers, and Applicators, Vegetation",9570,9607,37,0.39,29.13,30,0.87,37,557,1,Millennial Exit,6,93
29,Baby Boomer,Healthcare Practitioners and Technical Occupations,1161066,1413668,252602,21.76,15.49,17,29-1051,Pharmacists,42771,48977,6206,14.51,15.2,17,1.8,6294,6206,2,Millennial Growth,1049,1034
29,Millennial,Healthcare Practitioners and Technical Occupations,1944312,2157397,213085,10.96,25.94,27,29-1051,Pharmacists,78509,84803,6294,8.02,27.89,29,1.11,6294,6206,2,Millennial Growth,1049,1034
29,Baby Boomer,Healthcare Practitioners and Technical Occupations,1161066,1413668,252602,21.76,15.49,17,29-1123,Physical Therapists,16740,21450,4710,28.14,9.34,10,0.66,11473,4710,3,Millennial Growth,1912,785
29,Millennial,Healthcare Practitioners and Technical Occupations,1944312,2157397,213085,10.96,25.94,27,29-1123,Physical Therapists,59619,71092,11473,19.24,33.28,34,0.72,11473,4710,3,Millennial Growth,1912,785
47,Baby Boomer,Construction and Extraction Occupations,853148,827748,-25400,-2.98,10.49,12,47-2072,Pile-Driver Operators,578,628,50,8.65,11.53,14,2.47,-94,50,-2,Millennial Exit,-16,8
47,Millennial,Construction and Extraction Occupations,2494960,2016673,-478287,-19.17,30.68,29,47-2072,Pile-Driver Operators,971,877,-94,-9.68,19.37,19,-0.37,-94,50,-2,Millennial Exit,-16,8
47,Baby Boomer,Construction and Extraction Occupations,853148,827748,-25400,-2.98,10.49,12,47-2151,Pipelayers,7831,7956,125,1.6,12,13,1,-1672,125,-13,Millennial Exit,-279,21
47,Millennial,Construction and Extraction Occupations,2494960,2016673,-478287,-19.17,30.68,29,47-2151,Pipelayers,18561,16889,-1672,-9.01,28.43,28,-0.43,-1672,125,-13,Millennial Exit,-279,21
47,Baby Boomer,Construction and Extraction Occupations,853148,827748,-25400,-2.98,10.49,12,47-2161,Plasterers and Stucco Masons,2812,2040,-772,-27.45,5.96,7,1.04,-7794,-772,NULL,Shrinking,-1299,-129
47,Millennial,Construction and Extraction Occupations,2494960,2016673,-478287,-19.17,30.68,29,47-2161,Plasterers and Stucco Masons,17630,9836,-7794,-44.21,37.35,35,-2.35,-7794,-772,NULL,Shrinking,-1299,-129
51,Baby Boomer,Production Occupations,1461071,1531321,70250,4.81,14.43,17,51-8012,Power Distributors and Dispatchers,1935,2395,460,23.77,17.37,21,3.63,230,460,1,Millennial Exit,38,77
51,Millennial,Production Occupations,2484504,2167981,-316523,-12.74,24.53,24,51-8012,Power Distributors and Dispatchers,1379,1609,230,16.68,12.38,14,1.62,230,460,1,Millennial Exit,38,77
43,Baby Boomer,Office and Administrative Support Occupations,3591385,3937939,346554,9.65,14.97,17,43-3061,Procurement Clerks,12923,14489,1566,12.12,17.25,19,1.75,-120,1566,0,Millennial Exit,-20,261
43,Millennial,Office and Administrative Support Occupations,6630203,6389681,-240522,-3.63,27.63,27,43-3061,Procurement Clerks,16307,16187,-120,-0.74,21.77,22,0.23,-120,1566,0,Millennial Exit,-20,261
13,Baby Boomer,Business and Financial Operations Occupations,1099023,1225149,126126,11.48,15.43,17,13-1023,"Purchasing Agents, Except Wholesale, Retail, and Farm Products",58260,63503,5243,9,18.98,22,3.02,-5991,5243,-1,Millennial Exit,-999,874
13,Millennial,Business and Financial Operations Occupations,1992479,1981010,-11469,-0.58,27.97,27,13-1023,"Purchasing Agents, Except Wholesale, Retail, and Farm Products",67256,61265,-5991,-8.91,21.91,21,-0.91,-5991,5243,-1,Millennial Exit,-999,874
53,Baby Boomer,Transportation and Material Moving Occupations,1374052,1505802,131750,9.59,13.78,16,53-4013,"Rail Yard Engineers, Dinkey Operators, and Hostlers",1374,1415,41,2.98,24.45,25,0.55,-8,41,0,Millennial Exit,-1,7
53,Millennial,Transportation and Material Moving Occupations,2524305,2379228,-145077,-5.75,25.32,26,53-4013,"Rail Yard Engineers, Dinkey Operators, and Hostlers",824,816,-8,-0.97,14.66,14,-0.66,-8,41,0,Millennial Exit,-1,7
39,Baby Boomer,Personal Care and Service Occupations,688295,808370,120075,17.45,13.14,14,39-9032,Recreation Workers,42369,46834,4465,10.54,12.59,13,0.41,9080,4465,3,Millennial Growth,1513,744
39,Millennial,Personal Care and Service Occupations,1451425,1654558,203133,14,27.7,29,39-9032,Recreation Workers,83287,92367,9080,10.9,24.75,26,1.25,9080,4465,3,Millennial Growth,1513,744
39,Millennial,Personal Care and Service Occupations,1451425,1654558,203133,14,27.7,29,39-9041,Residential Advisors,32467,36612,4145,12.77,33.8,34,0.2,4145,2126,2,Millennial Growth,691,354
39,Baby Boomer,Personal Care and Service Occupations,688295,808370,120075,17.45,13.14,14,39-9041,Residential Advisors,12393,14519,2126,17.15,12.9,14,1.1,4145,2126,2,Millennial Growth,691,354
47,Millennial,Construction and Extraction Occupations,2494960,2016673,-478287,-19.17,30.68,29,47-2181,Roofers,59429,50132,-9297,-15.64,36.4,35,-1.4,-9297,858,-10,Millennial Exit,-1550,143
47,Baby Boomer,Construction and Extraction Occupations,853148,827748,-25400,-2.98,10.49,12,47-2181,Roofers,10705,11563,858,8.01,6.56,8,1.44,-9297,858,-10,Millennial Exit,-1550,143
25,Millennial,"Education, Training, and Library Occupations",2051515,2114982,63467,3.09,23.88,25,25-2031,"Secondary School Teachers, Except Special and Career/Technical Education",219594,216818,-2776,-1.26,22.61,23,0.39,-2776,-6956,NULL,Shrinking,-463,-1159
25,Baby Boomer,"Education, Training, and Library Occupations",1666597,1697604,31007,1.86,19.4,19,25-2031,"Secondary School Teachers, Except Special and Career/Technical Education",204579,197623,-6956,-3.4,21.06,21,-0.06,-2776,-6956,NULL,Shrinking,-463,-1159
51,Millennial,Production Occupations,2484504,2167981,-316523,-12.74,24.53,24,51-3023,Slaughterers and Meat Packers,30501,27733,-2768,-9.08,36.75,35,-1.75,-2768,1610,-1,Millennial Exit,-461,268
51,Baby Boomer,Production Occupations,1461071,1531321,70250,4.81,14.43,17,51-3023,Slaughterers and Meat Packers,8149,9759,1610,19.76,9.82,12,2.18,-2768,1610,-1,Millennial Exit,-461,268
21,Millennial,Community and Social Service Occupations,571034,615626,44592,7.81,25.21,26,21-1029,"Social Workers, All Other",15462,15980,518,3.35,25.2,25,-0.2,518,679,1,Millennial Exit,86,113
21,Baby Boomer,Community and Social Service Occupations,419589,457468,37879,9.03,18.52,19,21-1029,"Social Workers, All Other",10492,11171,679,6.47,17.1,18,0.9,518,679,1,Millennial Exit,86,113
41,Millennial,Sales and Related Occupations,4431037,4504482,73445,1.66,27.02,28,41-9041,Telemarketers,107579,110543,2964,2.76,39.37,41,1.63,2964,3601,1,Millennial Exit,494,600
41,Baby Boomer,Sales and Related Occupations,2093226,2275446,182220,8.71,12.76,14,41-9041,Telemarketers,21336,24937,3601,16.88,7.81,9,1.19,2964,3601,1,Millennial Exit,494,600
51,Millennial,Production Occupations,2484504,2167981,-316523,-12.74,24.53,24,51-6061,Textile Bleaching and Dyeing Machine Operators and Tenders,4953,2888,-2065,-41.69,27.55,26,-1.55,-2065,-851,NULL,Shrinking,-344,-142
51,Baby Boomer,Production Occupations,1461071,1531321,70250,4.81,14.43,17,51-6061,Textile Bleaching and Dyeing Machine Operators and Tenders,3145,2294,-851,-27.06,17.49,20,2.51,-2065,-851,NULL,Shrinking,-344,-142
51,Baby Boomer,Production Occupations,1461071,1531321,70250,4.81,14.43,17,51-6063,"Textile Knitting and Weaving Machine Setters, Operators, and Tenders",7951,5718,-2233,-28.08,24.19,28,3.81,-2543,-2233,NULL,Shrinking,-424,-372
51,Millennial,Production Occupations,2484504,2167981,-316523,-12.74,24.53,24,51-6063,"Textile Knitting and Weaving Machine Setters, Operators, and Tenders",5776,3233,-2543,-44.03,17.57,16,-1.57,-2543,-2233,NULL,Shrinking,-424,-372
53,Baby Boomer,Transportation and Material Moving Occupations,1374052,1505802,131750,9.59,13.78,16,53-6041,Traffic Technicians,957,1003,46,4.81,13.89,15,1.11,-24,46,0,Millennial Exit,-4,8
53,Millennial,Transportation and Material Moving Occupations,2524305,2379228,-145077,-5.75,25.32,26,53-6041,Traffic Technicians,1256,1232,-24,-1.91,18.23,18,-0.23,-24,46,0,Millennial Exit,-4,8
13,Millennial,Business and Financial Operations Occupations,1992479,1981010,-11469,-0.58,27.97,27,13-1151,Training and Development Specialists,61475,65481,4006,6.52,29,29,0,4006,7512,1,Millennial Exit,668,1252
13,Millennial,Business and Financial Operations Occupations,1992479,1981010,-11469,-0.58,27.97,27,13-2011,Accountants and Auditors,367635,361698,-5937,-1.61,27.99,27,-0.99,-5937,19236,0,Millennial Exit,-990,3206
13,Baby Boomer,Business and Financial Operations Occupations,1099023,1225149,126126,11.48,15.43,17,13-2011,Accountants and Auditors,203516,222752,19236,9.45,15.49,17,1.51,-5937,19236,0,Millennial Exit,-990,3206
27,Baby Boomer,"Arts, Design, Entertainment, Sports, and Media Occupations",355964,374103,18139,5.1,13.26,14,27-2011,Actors,6948,7719,771,11.1,7.84,9,1.16,878,771,2,Millennial Growth,146,129
27,Millennial,"Arts, Design, Entertainment, Sports, and Media Occupations",814043,788864,-25179,-3.09,30.31,30,27-2011,Actors,35727,36605,878,2.46,40.31,42,1.69,878,771,2,Millennial Growth,146,129
17,Baby Boomer,Architecture and Engineering Occupations,422861,462564,39703,9.39,15.93,18,17-2021,Agricultural Engineers,251,319,68,27.09,9.25,11,1.75,24,68,1,Millennial Exit,4,11
17,Millennial,Architecture and Engineering Occupations,662470,593064,-69406,-10.48,24.96,24,17-2021,Agricultural Engineers,749,773,24,3.2,27.63,27,-0.63,24,68,1,Millennial Exit,4,11
45,Baby Boomer,"Farming, Fishing, and Forestry Occupations",116155,124627,8472,7.29,10.38,11,45-2091,Agricultural Equipment Operators,5455,6015,560,10.27,8.71,9,0.29,1282,560,3,Millennial Growth,214,93
45,Millennial,"Farming, Fishing, and Forestry Occupations",322034,337045,15011,4.66,28.77,30,45-2091,Agricultural Equipment Operators,19614,20896,1282,6.54,31.32,32,0.68,1282,560,3,Millennial Growth,214,93
25,Millennial,"Education, Training, and Library Occupations",2051515,2114982,63467,3.09,23.88,25,25-4011,Archivists,1186,1447,261,22.01,23.13,25,1.87,261,184,2,Millennial Growth,44,31
25,Baby Boomer,"Education, Training, and Library Occupations",1666597,1697604,31007,1.86,19.4,19,25-4011,Archivists,962,1146,184,19.13,18.76,20,1.24,261,184,2,Millennial Growth,44,31
49,Baby Boomer,"Installation, Maintenance, and Repair Occupations",865447,946602,81155,9.38,14.61,17,49-2091,Avionics Technicians,2520,2948,428,16.98,14.59,17,2.41,-27,428,0,Millennial Exit,-5,71
49,Millennial,"Installation, Maintenance, and Repair Occupations",1453597,1378460,-75137,-5.17,24.53,24,49-2091,Avionics Technicians,4132,4105,-27,-0.65,23.92,24,0.08,-27,428,0,Millennial Exit,-5,71
43,Millennial,Office and Administrative Support Occupations,6630203,6389681,-240522,-3.63,27.63,27,43-3011,Bill and Account Collectors,170601,159308,-11293,-6.62,40.35,39,-1.35,-11293,5491,-2,Millennial Exit,-1882,915
43,Baby Boomer,Office and Administrative Support Occupations,3591385,3937939,346554,9.65,14.97,17,43-3011,Bill and Account Collectors,42176,47667,5491,13.02,9.98,12,2.02,-11293,5491,-2,Millennial Exit,-1882,915
43,Baby Boomer,Office and Administrative Support Occupations,3591385,3937939,346554,9.65,14.97,17,43-3031,"Bookkeeping, Accounting, and Auditing Clerks",348278,381476,33198,9.53,18.44,21,2.56,-25353,33198,0,Millennial Exit,-4226,5533
43,Millennial,Office and Administrative Support Occupations,6630203,6389681,-240522,-3.63,27.63,27,43-3031,"Bookkeeping, Accounting, and Auditing Clerks",389112,363759,-25353,-6.52,20.61,20,-0.61,-25353,33198,0,Millennial Exit,-4226,5533
13,Millennial,Business and Financial Operations Occupations,1992479,1981010,-11469,-0.58,27.97,27,13-1199,"Business Operations Specialists, All Other",259546,257804,-1742,-0.67,27.22,27,-0.22,-1742,18744,0,Millennial Exit,-290,3124
13,Baby Boomer,Business and Financial Operations Occupations,1099023,1225149,126126,11.48,15.43,17,13-1199,"Business Operations Specialists, All Other",154641,173385,18744,12.12,16.22,18,1.78,-1742,18744,0,Millennial Exit,-290,3124
43,Baby Boomer,Office and Administrative Support Occupations,3591385,3937939,346554,9.65,14.97,17,43-5011,Cargo and Freight Agents,8424,10631,2207,26.2,10.59,13,2.41,-484,2207,0,Millennial Exit,-81,368
43,Millennial,Office and Administrative Support Occupations,6630203,6389681,-240522,-3.63,27.63,27,43-5011,Cargo and Freight Agents,25875,25391,-484,-1.87,32.52,31,-1.52,-484,2207,0,Millennial Exit,-81,368
17,Millennial,Architecture and Engineering Occupations,662470,593064,-69406,-10.48,24.96,24,17-1021,Cartographers and Photogrammetrists,3603,3430,-173,-4.8,28.88,28,-0.88,-173,98,-1,Millennial Exit,-29,16
17,Baby Boomer,Architecture and Engineering Occupations,422861,462564,39703,9.39,15.93,18,17-1021,Cartographers and Photogrammetrists,1995,2093,98,4.91,15.99,17,1.01,-173,98,-1,Millennial Exit,-29,16
19,Baby Boomer,"Life, Physical, and Social Science Occupations",189040,214879,25839,13.67,16.33,18,19-4031,Chemical Technicians,10891,12760,1869,17.16,17.14,20,2.86,-757,1869,0,Millennial Exit,-126,312
19,Millennial,"Life, Physical, and Social Science Occupations",312140,328219,16079,5.15,26.96,27,19-4031,Chemical Technicians,15279,14522,-757,-4.95,24.04,23,-1.04,-757,1869,0,Millennial Exit,-126,312
21,Millennial,Community and Social Service Occupations,571034,615626,44592,7.81,25.21,26,21-1021,"Child, Family, and School Social Workers",78397,79385,988,1.26,26.74,27,0.26,988,1308,1,Millennial Exit,165,218
21,Baby Boomer,Community and Social Service Occupations,419589,457468,37879,9.03,18.52,19,21-1021,"Child, Family, and School Social Workers",51951,53259,1308,2.52,17.72,18,0.28,988,1308,1,Millennial Exit,165,218
47,Baby Boomer,Construction and Extraction Occupations,853148,827748,-25400,-2.98,10.49,12,47-5041,Continuous Mining Machine Operators,1907,2603,696,36.5,15.4,19,3.6,833,696,2,Millennial Growth,139,116
47,Millennial,Construction and Extraction Occupations,2494960,2016673,-478287,-19.17,30.68,29,47-5041,Continuous Mining Machine Operators,3181,4014,833,26.19,25.69,28,2.31,833,696,2,Millennial Growth,139,116
49,Millennial,"Installation, Maintenance, and Repair Occupations",1453597,1378460,-75137,-5.17,24.53,24,49-9012,"Control and Valve Installers and Repairers, Except Mechanical Door",8623,8734,111,1.29,20.76,21,0.24,111,1294,1,Millennial Exit,19,216
49,Baby Boomer,"Installation, Maintenance, and Repair Occupations",865447,946602,81155,9.38,14.61,17,49-9012,"Control and Valve Installers and Repairers, Except Mechanical Door",8007,9301,1294,16.16,19.28,23,3.72,111,1294,1,Millennial Exit,19,216
33,Baby Boomer,Protective Service Occupations,549128,564740,15612,2.84,16.39,17,33-3012,Correctional Officers and Jailers,79716,76302,-3414,-4.28,17.3,17,-0.3,-4546,-3414,NULL,Shrinking,-758,-569
33,Millennial,Protective Service Occupations,799790,828819,29029,3.63,23.88,24,33-3012,Correctional Officers and Jailers,104933,100387,-4546,-4.33,22.77,22,-0.77,-4546,-3414,NULL,Shrinking,-758,-569
35,Millennial,Food Preparation and Serving Related Occupations,3638345,4283180,644835,17.72,31.84,35,35-9011,Dining Room and Cafeteria Attendants and Bartender Helpers,106679,124311,17632,16.53,26.67,30,3.33,17632,6500,3,Millennial Growth,2939,1083
35,Baby Boomer,Food Preparation and Serving Related Occupations,715561,858635,143074,19.99,6.26,7,35-9011,Dining Room and Cafeteria Attendants and Bartender Helpers,27500,34000,6500,23.64,6.87,8,1.13,17632,6500,3,Millennial Growth,2939,1083
21,Baby Boomer,Community and Social Service Occupations,419589,457468,37879,9.03,18.52,19,21-2021,"Directors, Religious Activities and Education",30866,31431,565,1.83,23.35,24,0.65,94,565,1,Millennial Exit,16,94
21,Millennial,Community and Social Service Occupations,571034,615626,44592,7.81,25.21,26,21-2021,"Directors, Religious Activities and Education",19939,20033,94,0.47,15.08,15,-0.08,94,565,1,Millennial Exit,16,94
27,Baby Boomer,"Arts, Design, Entertainment, Sports, and Media Occupations",355964,374103,18139,5.1,13.26,14,27-3041,Editors,23297,22733,-564,-2.42,15.9,18,2.1,-8437,-564,NULL,Shrinking,-1406,-94
27,Millennial,"Arts, Design, Entertainment, Sports, and Media Occupations",814043,788864,-25179,-3.09,30.31,30,27-3041,Editors,44013,35576,-8437,-19.17,30.03,28,-2.03,-8437,-564,NULL,Shrinking,-1406,-94
11,Baby Boomer,Management Occupations,1465399,1506812,41413,2.83,17.5,19,11-9032,"Education Administrators, Elementary and Secondary School",51228,50631,-597,-1.17,22.33,22,-0.33,-636,-597,NULL,Shrinking,-106,-100
11,Millennial,Management Occupations,1555952,1461670,-94282,-6.06,18.59,18,11-9032,"Education Administrators, Elementary and Secondary School",46603,45967,-636,-1.36,20.31,21,0.69,-636,-597,NULL,Shrinking,-106,-100
49,Baby Boomer,"Installation, Maintenance, and Repair Occupations",865447,946602,81155,9.38,14.61,17,49-2093,"Electrical and Electronics Installers and Repairers, Transportation Equipment",3912,4262,350,8.95,23.86,26,2.14,-200,350,0,Millennial Exit,-33,58
49,Millennial,"Installation, Maintenance, and Repair Occupations",1453597,1378460,-75137,-5.17,24.53,24,49-2093,"Electrical and Electronics Installers and Repairers, Transportation Equipment",3612,3412,-200,-5.54,22.03,21,-1.03,-200,350,0,Millennial Exit,-33,58
49,Millennial,"Installation, Maintenance, and Repair Occupations",1453597,1378460,-75137,-5.17,24.53,24,49-2094,"Electrical and Electronics Repairers, Commercial and Industrial Equipment",16693,14999,-1694,-10.15,23.17,23,-0.17,-1694,1043,-1,Millennial Exit,-282,174
49,Baby Boomer,"Installation, Maintenance, and Repair Occupations",865447,946602,81155,9.38,14.61,17,49-2094,"Electrical and Electronics Repairers, Commercial and Industrial Equipment",13825,14868,1043,7.54,19.19,22,2.81,-1694,1043,-1,Millennial Exit,-282,174
19,Baby Boomer,"Life, Physical, and Social Science Occupations",189040,214879,25839,13.67,16.33,18,19-1041,Epidemiologists,536,609,73,13.62,10.68,11,0.32,101,73,2,Millennial Growth,17,12
19,Millennial,"Life, Physical, and Social Science Occupations",312140,328219,16079,5.15,26.96,27,19-1041,Epidemiologists,1111,1212,101,9.09,22.14,23,0.86,101,73,2,Millennial Growth,17,12
47,Millennial,Construction and Extraction Occupations,2494960,2016673,-478287,-19.17,30.68,29,47-5031,"Explosives Workers, Ordnance Handling Experts, and Blasters",2191,2379,188,8.58,34.34,35,0.66,188,161,2,Millennial Growth,31,27
47,Baby Boomer,Construction and Extraction Occupations,853148,827748,-25400,-2.98,10.49,12,47-5031,"Explosives Workers, Ordnance Handling Experts, and Blasters",671,832,161,23.99,10.52,12,1.48,188,161,2,Millennial Growth,31,27
51,Baby Boomer,Production Occupations,1461071,1531321,70250,4.81,14.43,17,51-4021,"Extruding and Drawing Machine Setters, Operators, and Tenders, Metal and Plastic",12003,12630,627,5.22,13.87,17,3.13,-3870,627,-6,Millennial Exit,-645,105
51,Millennial,Production Occupations,2484504,2167981,-316523,-12.74,24.53,24,51-4021,"Extruding and Drawing Machine Setters, Operators, and Tenders, Metal and Plastic",22846,18976,-3870,-16.94,26.4,25,-1.4,-3870,627,-6,Millennial Exit,-645,105
49,Baby Boomer,"Installation, Maintenance, and Repair Occupations",865447,946602,81155,9.38,14.61,17,49-3041,Farm Equipment Mechanics and Service Technicians,5747,6875,1128,19.63,15.24,18,2.76,565,1128,1,Millennial Exit,94,188
49,Millennial,"Installation, Maintenance, and Repair Occupations",1453597,1378460,-75137,-5.17,24.53,24,49-3041,Farm Equipment Mechanics and Service Technicians,8735,9300,565,6.47,23.16,24,0.84,565,1128,1,Millennial Exit,94,188
13,Millennial,Business and Financial Operations Occupations,1992479,1981010,-11469,-0.58,27.97,27,13-1074,Farm Labor Contractors,264,302,38,14.39,18.67,18,-0.67,38,226,1,Millennial Exit,6,38
13,Baby Boomer,Business and Financial Operations Occupations,1099023,1225149,126126,11.48,15.43,17,13-1074,Farm Labor Contractors,508,734,226,44.49,35.95,42,6.05,38,226,1,Millennial Exit,6,38
45,Baby Boomer,"Farming, Fishing, and Forestry Occupations",116155,124627,8472,7.29,10.38,11,45-2093,"Farmworkers, Farm, Ranch, and Aquacultural Animals",6854,7287,433,6.32,8.69,9,0.31,473,433,2,Millennial Growth,79,72
45,Millennial,"Farming, Fishing, and Forestry Occupations",322034,337045,15011,4.66,28.77,30,45-2093,"Farmworkers, Farm, Ranch, and Aquacultural Animals",24856,25329,473,1.9,31.51,32,0.49,473,433,2,Millennial Growth,79,72
47,Baby Boomer,Construction and Extraction Occupations,853148,827748,-25400,-2.98,10.49,12,47-4031,Fence Erectors,2581,2680,99,3.84,7.22,9,1.78,-2545,99,-24,Millennial Exit,-424,17
47,Millennial,Construction and Extraction Occupations,2494960,2016673,-478287,-19.17,30.68,29,47-4031,Fence Erectors,14367,11822,-2545,-17.71,40.17,40,-0.17,-2545,99,-24,Millennial Exit,-424,17
47,Baby Boomer,Construction and Extraction Occupations,853148,827748,-25400,-2.98,10.49,12,47-1011,First-Line Supervisors of Construction Trades and Extraction Workers,120072,107434,-12638,-10.53,15.46,17,1.54,-35587,-12638,NULL,Shrinking,-5931,-2106
47,Millennial,Construction and Extraction Occupations,2494960,2016673,-478287,-19.17,30.68,29,47-1011,First-Line Supervisors of Construction Trades and Extraction Workers,154906,119319,-35587,-22.97,19.95,19,-0.95,-35587,-12638,NULL,Shrinking,-5931,-2106
53,Baby Boomer,Transportation and Material Moving Occupations,1374052,1505802,131750,9.59,13.78,16,53-1021,"First-Line Supervisors of Helpers, Laborers, and Material Movers, Hand",24724,29147,4423,17.89,14.1,17,2.9,-1435,4423,0,Millennial Exit,-239,737
53,Millennial,Transportation and Material Moving Occupations,2524305,2379228,-145077,-5.75,25.32,26,53-1021,"First-Line Supervisors of Helpers, Laborers, and Material Movers, Hand",41239,39804,-1435,-3.48,23.52,23,-0.52,-1435,4423,0,Millennial Exit,-239,737
33,Millennial,Protective Service Occupations,799790,828819,29029,3.63,23.88,24,33-3031,Fish and Game Wardens,1174,1105,-69,-5.88,16.84,16,-0.84,-69,-54,NULL,Shrinking,-12,-9
33,Baby Boomer,Protective Service Occupations,549128,564740,15612,2.84,16.39,17,33-3031,Fish and Game Wardens,1049,995,-54,-5.15,15.03,15,-0.03,-69,-54,NULL,Shrinking,-12,-9
39,Baby Boomer,Personal Care and Service Occupations,688295,808370,120075,17.45,13.14,14,39-4021,Funeral Attendants,6972,7142,170,2.44,21.59,22,0.41,-293,170,-1,Millennial Exit,-49,28
39,Millennial,Personal Care and Service Occupations,1451425,1654558,203133,14,27.7,29,39-4021,Funeral Attendants,3594,3301,-293,-8.15,11.13,10,-1.13,-293,170,-1,Millennial Exit,-49,28
41,Millennial,Sales and Related Occupations,4431037,4504482,73445,1.66,27.02,28,41-2012,Gaming Change Persons and Booth Cashiers,7263,6481,-782,-10.77,28.29,29,0.71,-782,-163,NULL,Shrinking,-130,-27
41,Baby Boomer,Sales and Related Occupations,2093226,2275446,182220,8.71,12.76,14,41-2012,Gaming Change Persons and Booth Cashiers,3345,3182,-163,-4.87,13.03,14,0.97,-782,-163,NULL,Shrinking,-130,-27
31,Baby Boomer,Healthcare Support Occupations,462450,584837,122387,26.46,12.23,14,31-9099,"Healthcare Support Workers, All Other",15156,17577,2421,15.97,14.42,16,1.58,2220,2421,1,Millennial Exit,370,404
31,Millennial,Healthcare Support Occupations,1225658,1416322,190664,15.56,32.41,33,31-9099,"Healthcare Support Workers, All Other",31331,33551,2220,7.09,29.81,31,1.19,2220,2421,1,Millennial Exit,370,404
51,Millennial,Production Occupations,2484504,2167981,-316523,-12.74,24.53,24,51-4191,"Heat Treating Equipment Setters, Operators, and Tenders, Metal and Plastic",3985,3336,-649,-16.29,15.99,16,0.01,-649,99,-6,Millennial Exit,-108,17
51,Baby Boomer,Production Occupations,1461071,1531321,70250,4.81,14.43,17,51-4191,"Heat Treating Equipment Setters, Operators, and Tenders, Metal and Plastic",6409,6508,99,1.54,25.71,30,4.29,-649,99,-6,Millennial Exit,-108,17
47,Baby Boomer,Construction and Extraction Occupations,853148,827748,-25400,-2.98,10.49,12,47-3012,Helpers--Carpenters,2631,2988,357,13.57,5.11,7,1.89,-3089,357,-8,Millennial Exit,-515,60
47,Millennial,Construction and Extraction Occupations,2494960,2016673,-478287,-19.17,30.68,29,47-3012,Helpers--Carpenters,18267,15178,-3089,-16.91,35.44,37,1.56,-3089,357,-8,Millennial Exit,-515,60
47,Baby Boomer,Construction and Extraction Occupations,853148,827748,-25400,-2.98,10.49,12,47-3016,Helpers--Roofers,886,1007,121,13.66,5.5,8,2.5,-1168,121,-9,Millennial Exit,-195,20
47,Millennial,Construction and Extraction Occupations,2494960,2016673,-478287,-19.17,30.68,29,47-3016,Helpers--Roofers,5664,4496,-1168,-20.62,35.16,36,0.84,-1168,121,-9,Millennial Exit,-195,20
19,Baby Boomer,"Life, Physical, and Social Science Occupations",189040,214879,25839,13.67,16.33,18,19-3093,Historians,633,679,46,7.27,15.55,16,0.45,99,46,3,Millennial Growth,17,8
19,Millennial,"Life, Physical, and Social Science Occupations",312140,328219,16079,5.15,26.96,27,19-3093,Historians,874,973,99,11.33,21.47,23,1.53,99,46,3,Millennial Growth,17,8
31,Baby Boomer,Healthcare Support Occupations,462450,584837,122387,26.46,12.23,14,31-1011,Home Health Aides,104249,153126,48877,46.88,14.61,16,1.39,77619,48877,2,Millennial Growth,12937,8146
31,Millennial,Healthcare Support Occupations,1225658,1416322,190664,15.56,32.41,33,31-1011,Home Health Aides,203263,280882,77619,38.19,28.48,29,0.52,77619,48877,2,Millennial Growth,12937,8146
45,Millennial,"Farming, Fishing, and Forestry Occupations",322034,337045,15011,4.66,28.77,30,45-3021,Hunters and Trappers,284,329,45,15.85,13.78,15,1.22,45,19,3,Millennial Growth,8,3
45,Baby Boomer,"Farming, Fishing, and Forestry Occupations",116155,124627,8472,7.29,10.38,11,45-3021,Hunters and Trappers,340,359,19,5.59,16.5,16,-0.5,45,19,3,Millennial Growth,8,3
53,Baby Boomer,Transportation and Material Moving Occupations,1374052,1505802,131750,9.59,13.78,16,53-7051,Industrial Truck and Tractor Operators,63017,68503,5486,8.71,11.28,13,1.72,-15633,5486,-2,Millennial Exit,-2606,914
53,Millennial,Transportation and Material Moving Occupations,2524305,2379228,-145077,-5.75,25.32,26,53-7051,Industrial Truck and Tractor Operators,180661,165028,-15633,-8.65,32.34,32,-0.34,-15633,5486,-2,Millennial Exit,-2606,914
19,Baby Boomer,"Life, Physical, and Social Science Occupations",189040,214879,25839,13.67,16.33,18,19-3032,Industrial-Organizational Psychologists,588,764,176,29.93,33.87,34,0.13,NULL,176,NULL,Millennial Exit,NULL,29
15,Baby Boomer,Computer and Mathematical Occupations,372843,446730,73887,19.82,10.12,11,15-1122,Information Security Analysts,11001,13073,2072,18.83,15.37,17,1.63,-37,2072,0,Millennial Exit,-6,345
15,Millennial,Computer and Mathematical Occupations,1205652,1230220,24568,2.04,32.73,32,15-1122,Information Security Analysts,19551,19514,-37,-0.19,27.32,25,-2.32,-37,2072,0,Millennial Exit,-6,345
51,Millennial,Production Occupations,2484504,2167981,-316523,-12.74,24.53,24,51-9061,"Inspectors, Testers, Sorters, Samplers, and Weighers",116421,103740,-12681,-10.89,22.8,22,-0.8,-12681,8260,-1,Millennial Exit,-2114,1377
51,Baby Boomer,Production Occupations,1461071,1531321,70250,4.81,14.43,17,51-9061,"Inspectors, Testers, Sorters, Samplers, and Weighers",89524,97784,8260,9.23,17.53,21,3.47,-12681,8260,-1,Millennial Exit,-2114,1377
41,Baby Boomer,Sales and Related Occupations,2093226,2275446,182220,8.71,12.76,14,41-3021,Insurance Sales Agents,113339,137124,23785,20.99,19.32,20,0.68,22436,23785,1,Millennial Exit,3739,3964
41,Millennial,Sales and Related Occupations,4431037,4504482,73445,1.66,27.02,28,41-3021,Insurance Sales Agents,134359,156795,22436,16.7,22.91,22,-0.91,22436,23785,1,Millennial Exit,3739,3964
27,Baby Boomer,"Arts, Design, Entertainment, Sports, and Media Occupations",355964,374103,18139,5.1,13.26,14,27-1025,Interior Designers,14018,13249,-769,-5.49,14.56,16,1.44,-5816,-769,NULL,Shrinking,-969,-128
27,Millennial,"Arts, Design, Entertainment, Sports, and Media Occupations",814043,788864,-25179,-3.09,30.31,30,27-1025,Interior Designers,27737,21921,-5816,-20.97,28.82,27,-1.82,-5816,-769,NULL,Shrinking,-969,-128
37,Millennial,Building and Grounds Cleaning and Maintenance Occupations,1333020,1386529,53509,4.01,22.97,23,37-3011,Landscaping and Groundskeeping Workers,332884,345390,12506,3.76,27.47,28,0.53,12506,14541,1,Millennial Exit,2084,2424
37,Baby Boomer,Building and Grounds Cleaning and Maintenance Occupations,876401,966863,90462,10.32,15.1,16,37-3011,Landscaping and Groundskeeping Workers,136797,151338,14541,10.63,11.29,12,0.71,12506,14541,1,Millennial Exit,2084,2424
53,Baby Boomer,Transportation and Material Moving Occupations,1374052,1505802,131750,9.59,13.78,16,53-7033,"Loading Machine Operators, Underground Mining",374,499,125,33.42,13.29,17,3.71,113,125,1,Millennial Exit,19,21
53,Millennial,Transportation and Material Moving Occupations,2524305,2379228,-145077,-5.75,25.32,26,53-7033,"Loading Machine Operators, Underground Mining",611,724,113,18.49,21.7,25,3.3,113,125,1,Millennial Exit,19,21
45,Baby Boomer,"Farming, Fishing, and Forestry Occupations",116155,124627,8472,7.29,10.38,11,45-4022,Logging Equipment Operators,7289,6463,-826,-11.33,14.62,16,1.38,-3076,-826,NULL,Shrinking,-513,-138
45,Millennial,"Farming, Fishing, and Forestry Occupations",322034,337045,15011,4.66,28.77,30,45-4022,Logging Equipment Operators,12178,9102,-3076,-25.26,24.42,23,-1.42,-3076,-826,NULL,Shrinking,-513,-138
15,Baby Boomer,Computer and Mathematical Occupations,372843,446730,73887,19.82,10.12,11,15-2099,"Mathematical Science Occupations, All Other",113,174,61,53.98,8.27,11,2.73,59,61,1,NULL,10,10
15,Millennial,Computer and Mathematical Occupations,1205652,1230220,24568,2.04,32.73,32,15-2099,"Mathematical Science Occupations, All Other",560,619,59,10.54,40.94,40,-0.94,59,61,1,NULL,10,10
31,Millennial,Healthcare Support Occupations,1225658,1416322,190664,15.56,32.41,33,31-9093,Medical Equipment Preparers,15305,16699,1394,9.11,31.2,32,0.8,1394,1963,1,Millennial Exit,232,327
31,Baby Boomer,Healthcare Support Occupations,462450,584837,122387,26.46,12.23,14,31-9093,Medical Equipment Preparers,6548,8511,1963,29.98,13.35,16,2.65,1394,1963,1,Millennial Exit,232,327
47,Baby Boomer,Construction and Extraction Occupations,853148,827748,-25400,-2.98,10.49,12,47-5042,Mine Cutting and Channeling Machine Operators,894,1165,271,30.31,13.95,17,3.05,311,271,2,Millennial Growth,52,45
47,Millennial,Construction and Extraction Occupations,2494960,2016673,-478287,-19.17,30.68,29,47-5042,Mine Cutting and Channeling Machine Operators,1621,1932,311,19.19,25.31,28,2.69,311,271,2,Millennial Growth,52,45
49,Millennial,"Installation, Maintenance, and Repair Occupations",1453597,1378460,-75137,-5.17,24.53,24,49-3042,"Mobile Heavy Equipment Mechanics, Except Engines",27784,27084,-700,-2.52,22.14,22,-0.14,-700,2545,0,Millennial Exit,-117,424
49,Baby Boomer,"Installation, Maintenance, and Repair Occupations",865447,946602,81155,9.38,14.61,17,49-3042,"Mobile Heavy Equipment Mechanics, Except Engines",19813,22358,2545,12.85,15.79,18,2.21,-700,2545,0,Millennial Exit,-117,424
51,Millennial,Production Occupations,2484504,2167981,-316523,-12.74,24.53,24,51-9195,"Molders, Shapers, and Casters, Except Metal and Plastic",14438,10227,-4211,-29.17,30.83,29,-1.83,-4211,-404,NULL,Shrinking,-702,-67
51,Baby Boomer,Production Occupations,1461071,1531321,70250,4.81,14.43,17,51-9195,"Molders, Shapers, and Casters, Except Metal and Plastic",5166,4762,-404,-7.82,11.03,13,1.97,-4211,-404,NULL,Shrinking,-702,-67
51,Baby Boomer,Production Occupations,1461071,1531321,70250,4.81,14.43,17,51-4072,"Molding, Coremaking, and Casting Machine Setters, Operators, and Tenders, Metal and Plastic",23785,23961,176,0.74,15.99,19,3.01,-6708,176,-38,Millennial Exit,-1118,29
51,Millennial,Production Occupations,2484504,2167981,-316523,-12.74,24.53,24,51-4072,"Molding, Coremaking, and Casting Machine Setters, Operators, and Tenders, Metal and Plastic",33452,26744,-6708,-20.05,22.48,22,-0.48,-6708,176,-38,Millennial Exit,-1118,29
49,Baby Boomer,"Installation, Maintenance, and Repair Occupations",865447,946602,81155,9.38,14.61,17,49-3051,Motorboat Mechanics and Service Technicians,3601,3700,99,2.75,13.7,16,2.3,-749,99,-7,Millennial Exit,-125,17
49,Millennial,"Installation, Maintenance, and Repair Occupations",1453597,1378460,-75137,-5.17,24.53,24,49-3051,Motorboat Mechanics and Service Technicians,6756,6007,-749,-11.09,25.71,26,0.29,-749,99,-7,Millennial Exit,-125,17
51,Millennial,Production Occupations,2484504,2167981,-316523,-12.74,24.53,24,51-4081,"Multiple Machine Tool Setters, Operators, and Tenders, Metal and Plastic",22929,19455,-3474,-15.15,22.99,22,-0.99,-3474,587,-5,Millennial Exit,-579,98
51,Baby Boomer,Production Occupations,1461071,1531321,70250,4.81,14.43,17,51-4081,"Multiple Machine Tool Setters, Operators, and Tenders, Metal and Plastic",15612,16199,587,3.76,15.65,19,3.35,-3474,587,-5,Millennial Exit,-579,98
39,Baby Boomer,Personal Care and Service Occupations,688295,808370,120075,17.45,13.14,14,39-2021,Nonfarm Animal Caretakers,16869,20714,3845,22.79,9.05,10,0.95,14400,3845,4,Millennial Growth,2400,641
39,Millennial,Personal Care and Service Occupations,1451425,1654558,203133,14,27.7,29,39-2021,Nonfarm Animal Caretakers,58197,72597,14400,24.74,31.23,34,2.77,14400,3845,4,Millennial Growth,2400,641
29,Millennial,Healthcare Practitioners and Technical Occupations,1944312,2157397,213085,10.96,25.94,27,29-1151,Nurse Anesthetists,5750,6666,916,15.93,18.72,18,-0.72,916,2429,1,Millennial Exit,153,405
29,Baby Boomer,Healthcare Practitioners and Technical Occupations,1161066,1413668,252602,21.76,15.49,17,29-1151,Nurse Anesthetists,5786,8215,2429,41.98,18.84,23,4.16,916,2429,1,Millennial Exit,153,405
31,Baby Boomer,Healthcare Support Occupations,462450,584837,122387,26.46,12.23,14,31-2011,Occupational Therapy Assistants,2231,2971,740,33.17,8.72,10,1.28,2403,740,4,Millennial Growth,401,123
31,Millennial,Healthcare Support Occupations,1225658,1416322,190664,15.56,32.41,33,31-2011,Occupational Therapy Assistants,9244,11647,2403,26,36.12,38,1.88,2403,740,4,Millennial Growth,401,123
43,Millennial,Office and Administrative Support Occupations,6630203,6389681,-240522,-3.63,27.63,27,43-9061,"Office Clerks, General",863027,840190,-22837,-2.65,26.16,26,-0.16,-22837,59747,0,Millennial Exit,-3806,9958
43,Baby Boomer,Office and Administrative Support Occupations,3591385,3937939,346554,9.65,14.97,17,43-9061,"Office Clerks, General",505397,565144,59747,11.82,15.32,17,1.68,-22837,59747,0,Millennial Exit,-3806,9958
51,Baby Boomer,Production Occupations,1461071,1531321,70250,4.81,14.43,17,51-9083,Ophthalmic Laboratory Technicians,3650,4157,507,13.89,12.09,13,0.91,793,507,2,Millennial Growth,132,85
51,Millennial,Production Occupations,2484504,2167981,-316523,-12.74,24.53,24,51-9083,Ophthalmic Laboratory Technicians,8276,9069,793,9.58,27.42,29,1.58,793,507,2,Millennial Growth,132,85
29,Baby Boomer,Healthcare Practitioners and Technical Occupations,1161066,1413668,252602,21.76,15.49,17,29-1023,Orthodontists,2020,2046,26,1.29,24.01,26,1.99,NULL,26,NULL,Millennial Exit,NULL,4
33,Baby Boomer,Protective Service Occupations,549128,564740,15612,2.84,16.39,17,33-3041,Parking Enforcement Workers,1562,1602,40,2.56,14.71,15,0.29,85,40,2,Millennial Growth,14,7
33,Millennial,Protective Service Occupations,799790,828819,29029,3.63,23.88,24,33-3041,Parking Enforcement Workers,2058,2143,85,4.13,19.38,19,-0.38,85,40,2,Millennial Growth,14,7
53,Baby Boomer,Transportation and Material Moving Occupations,1374052,1505802,131750,9.59,13.78,16,53-6021,Parking Lot Attendants,13516,15024,1508,11.16,10.24,11,0.76,3896,1508,3,Millennial Growth,649,251
53,Millennial,Transportation and Material Moving Occupations,2524305,2379228,-145077,-5.75,25.32,26,53-6021,Parking Lot Attendants,42899,46795,3896,9.08,32.51,35,2.49,3896,1508,3,Millennial Growth,649,251
51,Baby Boomer,Production Occupations,1461071,1531321,70250,4.81,14.43,17,51-4062,"Patternmakers, Metal and Plastic",1540,1521,-19,-1.23,31.69,38,6.31,NULL,-19,NULL,Shrinking,NULL,-3
47,Baby Boomer,Construction and Extraction Occupations,853148,827748,-25400,-2.98,10.49,12,47-2071,"Paving, Surfacing, and Tamping Equipment Operators",6815,6850,35,0.51,10.35,12,1.65,-3457,35,-96,Millennial Exit,-576,6
47,Millennial,Construction and Extraction Occupations,2494960,2016673,-478287,-19.17,30.68,29,47-2071,"Paving, Surfacing, and Tamping Equipment Operators",19994,16537,-3457,-17.29,30.36,29,-1.36,-3457,35,-96,Millennial Exit,-576,6
39,Millennial,Personal Care and Service Occupations,1451425,1654558,203133,14,27.7,29,39-9099,"Personal Care and Service Workers, All Other",28640,31814,3174,11.08,29.09,30,0.91,3174,1500,3,Millennial Growth,529,250
39,Baby Boomer,Personal Care and Service Occupations,688295,808370,120075,17.45,13.14,14,39-9099,"Personal Care and Service Workers, All Other",13711,15211,1500,10.94,13.93,14,0.07,3174,1500,3,Millennial Growth,529,250
13,Baby Boomer,Business and Financial Operations Occupations,1099023,1225149,126126,11.48,15.43,17,13-2052,Personal Financial Advisors,35989,38124,2135,5.93,15.97,17,1.03,-1452,2135,0,Millennial Exit,-242,356
13,Millennial,Business and Financial Operations Occupations,1992479,1981010,-11469,-0.58,27.97,27,13-2052,Personal Financial Advisors,61926,60474,-1452,-2.34,27.49,26,-1.49,-1452,2135,0,Millennial Exit,-242,356
37,Baby Boomer,Building and Grounds Cleaning and Maintenance Occupations,876401,966863,90462,10.32,15.1,16,37-2021,Pest Control Workers,8416,9824,1408,16.73,12.33,14,1.67,810,1408,1,Millennial Exit,135,235
37,Millennial,Building and Grounds Cleaning and Maintenance Occupations,1333020,1386529,53509,4.01,22.97,23,37-2021,Pest Control Workers,18896,19706,810,4.29,27.69,28,0.31,810,1408,1,Millennial Exit,135,235
17,Baby Boomer,Architecture and Engineering Occupations,422861,462564,39703,9.39,15.93,18,17-2171,Petroleum Engineers,5847,9065,3218,55.04,17.97,22,4.03,3094,3218,1,Millennial Exit,516,536
17,Millennial,Architecture and Engineering Occupations,662470,593064,-69406,-10.48,24.96,24,17-2171,Petroleum Engineers,7716,10810,3094,40.1,23.71,26,2.29,3094,3218,1,Millennial Exit,516,536
31,Millennial,Healthcare Support Occupations,1225658,1416322,190664,15.56,32.41,33,31-9095,Pharmacy Aides,16608,17728,1120,6.74,37.15,40,2.85,1120,596,2,Millennial Growth,187,99
31,Baby Boomer,Healthcare Support Occupations,462450,584837,122387,26.46,12.23,14,31-9095,Pharmacy Aides,4388,4984,596,13.58,9.82,11,1.18,1120,596,2,Millennial Growth,187,99
19,Millennial,"Life, Physical, and Social Science Occupations",312140,328219,16079,5.15,26.96,27,19-2012,Physicists,3487,3683,196,5.62,20.1,20,-0.1,196,656,1,Millennial Exit,33,109
19,Baby Boomer,"Life, Physical, and Social Science Occupations",189040,214879,25839,13.67,16.33,18,19-2012,Physicists,3326,3982,656,19.72,19.17,21,1.83,196,656,1,Millennial Exit,33,109
47,Millennial,Construction and Extraction Occupations,2494960,2016673,-478287,-19.17,30.68,29,47-2152,"Plumbers, Pipefitters, and Steamfitters",154043,128561,-25482,-16.54,32.84,31,-1.84,-25482,2027,-12,Millennial Exit,-4247,338
47,Baby Boomer,Construction and Extraction Occupations,853148,827748,-25400,-2.98,10.49,12,47-2152,"Plumbers, Pipefitters, and Steamfitters",47314,49341,2027,4.28,10.09,12,1.91,-25482,2027,-12,Millennial Exit,-4247,338
11,Millennial,Management Occupations,1555952,1461670,-94282,-6.06,18.59,18,11-3061,Purchasing Managers,10911,10446,-465,-4.26,14.95,15,0.05,-465,2070,0,Millennial Exit,-78,345
11,Baby Boomer,Management Occupations,1465399,1506812,41413,2.83,17.5,19,11-3061,Purchasing Managers,14987,17057,2070,13.81,20.53,24,3.47,-465,2070,0,Millennial Exit,-78,345
53,Millennial,Transportation and Material Moving Occupations,2524305,2379228,-145077,-5.75,25.32,26,53-4099,"Rail Transportation Workers, All Other",521,526,5,0.96,16.31,16,-0.31,5,4,1,NULL,1,1
53,Baby Boomer,Transportation and Material Moving Occupations,1374052,1505802,131750,9.59,13.78,16,53-4099,"Rail Transportation Workers, All Other",562,566,4,0.71,17.59,18,0.41,5,4,1,NULL,1,1
21,Millennial,Community and Social Service Occupations,571034,615626,44592,7.81,25.21,26,21-2099,"Religious Workers, All Other",8183,8323,140,1.71,13.76,14,0.24,140,267,1,Millennial Exit,23,45
21,Baby Boomer,Community and Social Service Occupations,419589,457468,37879,9.03,18.52,19,21-2099,"Religious Workers, All Other",13000,13267,267,2.05,21.85,22,0.15,140,267,1,Millennial Exit,23,45
43,Baby Boomer,Office and Administrative Support Occupations,3591385,3937939,346554,9.65,14.97,17,43-4181,Reservation and Transportation Ticket Agents and Travel Clerks,21157,23768,2611,12.34,14.21,18,3.79,-5806,2611,-2,Millennial Exit,-968,435
43,Millennial,Office and Administrative Support Occupations,6630203,6389681,-240522,-3.63,27.63,27,43-4181,Reservation and Transportation Ticket Agents and Travel Clerks,39470,33664,-5806,-14.71,26.52,25,-1.52,-5806,2611,-2,Millennial Exit,-968,435
29,Millennial,Healthcare Practitioners and Technical Occupations,1944312,2157397,213085,10.96,25.94,27,29-1126,Respiratory Therapists,28876,32131,3255,11.27,26.52,27,0.48,3255,4459,1,Millennial Exit,543,743
29,Baby Boomer,Healthcare Practitioners and Technical Occupations,1161066,1413668,252602,21.76,15.49,17,29-1126,Respiratory Therapists,14732,19191,4459,30.27,13.53,16,2.47,3255,4459,1,Millennial Exit,543,743
47,Baby Boomer,Construction and Extraction Occupations,853148,827748,-25400,-2.98,10.49,12,47-5012,"Rotary Drill Operators, Oil and Gas",689,1246,557,80.84,3.6,5,1.4,4211,557,8,Millennial Growth,702,93
47,Millennial,Construction and Extraction Occupations,2494960,2016673,-478287,-19.17,30.68,29,47-5012,"Rotary Drill Operators, Oil and Gas",9419,13630,4211,44.71,49.18,52,2.82,4211,557,8,Millennial Growth,702,93
53,Millennial,Transportation and Material Moving Occupations,2524305,2379228,-145077,-5.75,25.32,26,53-5011,Sailors and Marine Oilers,10678,10552,-126,-1.18,31.41,31,-0.41,-126,818,0,Millennial Exit,-21,136
53,Baby Boomer,Transportation and Material Moving Occupations,1374052,1505802,131750,9.59,13.78,16,53-5011,Sailors and Marine Oilers,4635,5453,818,17.65,13.64,16,2.36,-126,818,0,Millennial Exit,-21,136
27,Baby Boomer,"Arts, Design, Entertainment, Sports, and Media Occupations",355964,374103,18139,5.1,13.26,14,27-1027,Set and Exhibit Designers,1097,1207,110,10.03,10.17,11,0.83,33,110,1,Millennial Exit,6,18
27,Millennial,"Arts, Design, Entertainment, Sports, and Media Occupations",814043,788864,-25179,-3.09,30.31,30,27-1027,Set and Exhibit Designers,3548,3581,33,0.93,32.9,34,1.1,33,110,1,Millennial Exit,6,18
47,Baby Boomer,Construction and Extraction Occupations,853148,827748,-25400,-2.98,10.49,12,47-2211,Sheet Metal Workers,18218,18189,-29,-0.16,10.14,12,1.86,-12983,-29,NULL,Shrinking,-2164,-5
47,Millennial,Construction and Extraction Occupations,2494960,2016673,-478287,-19.17,30.68,29,47-2211,Sheet Metal Workers,57437,44454,-12983,-22.6,31.96,31,-0.96,-12983,-29,NULL,Shrinking,-2164,-5
49,Millennial,"Installation, Maintenance, and Repair Occupations",1453597,1378460,-75137,-5.17,24.53,24,49-9097,Signal and Track Switch Repairers,1844,1865,21,1.14,20.25,20,-0.25,21,11,2,Millennial Growth,4,2
49,Baby Boomer,"Installation, Maintenance, and Repair Occupations",865447,946602,81155,9.38,14.61,17,49-9097,Signal and Track Switch Repairers,1740,1751,11,0.63,19.11,19,-0.11,21,11,2,Millennial Growth,4,2
27,Baby Boomer,"Arts, Design, Entertainment, Sports, and Media Occupations",355964,374103,18139,5.1,13.26,14,27-4014,Sound Engineering Technicians,1588,1839,251,15.81,7.85,9,1.15,-292,251,-1,Millennial Exit,-49,42
27,Millennial,"Arts, Design, Entertainment, Sports, and Media Occupations",814043,788864,-25179,-3.09,30.31,30,27-4014,Sound Engineering Technicians,7807,7515,-292,-3.74,38.56,38,-0.56,-292,251,-1,Millennial Exit,-49,42
25,Millennial,"Education, Training, and Library Occupations",2051515,2114982,63467,3.09,23.88,25,25-2052,"Special Education Teachers, Kindergarten and Elementary School",41353,43278,1925,4.66,22.24,22,-0.24,1925,1160,2,Millennial Growth,321,193
25,Baby Boomer,"Education, Training, and Library Occupations",1666597,1697604,31007,1.86,19.4,19,25-2052,"Special Education Teachers, Kindergarten and Elementary School",39307,40467,1160,2.95,21.14,21,-0.14,1925,1160,2,Millennial Growth,321,193
25,Millennial,"Education, Training, and Library Occupations",2051515,2114982,63467,3.09,23.88,25,25-2054,"Special Education Teachers, Secondary School",29133,28392,-741,-2.54,21.95,22,0.05,-741,-1162,NULL,Shrinking,-124,-194
25,Baby Boomer,"Education, Training, and Library Occupations",1666597,1697604,31007,1.86,19.4,19,25-2054,"Special Education Teachers, Secondary School",28203,27041,-1162,-4.12,21.24,21,-0.24,-741,-1162,NULL,Shrinking,-124,-194
15,Millennial,Computer and Mathematical Occupations,1205652,1230220,24568,2.04,32.73,32,15-2041,Statisticians,8087,8708,621,7.68,32.16,32,-0.16,621,649,1,Millennial Exit,104,108
15,Baby Boomer,Computer and Mathematical Occupations,372843,446730,73887,19.82,10.12,11,15-2041,Statisticians,3059,3708,649,21.22,12.17,14,1.83,621,649,1,Millennial Exit,104,108
51,Baby Boomer,Production Occupations,1461071,1531321,70250,4.81,14.43,17,51-6062,"Textile Cutting Machine Setters, Operators, and Tenders",3899,3263,-636,-16.31,18.28,21,2.72,-1455,-636,NULL,Shrinking,-243,-106
51,Millennial,Production Occupations,2484504,2167981,-316523,-12.74,24.53,24,51-6062,"Textile Cutting Machine Setters, Operators, and Tenders",4798,3343,-1455,-30.33,22.5,22,-0.5,-1455,-636,NULL,Shrinking,-243,-106
39,Millennial,Personal Care and Service Occupations,1451425,1654558,203133,14,27.7,29,39-7011,Tour Guides and Escorts,7614,8288,674,8.85,20.44,21,0.56,674,964,1,Millennial Exit,112,161
39,Baby Boomer,Personal Care and Service Occupations,688295,808370,120075,17.45,13.14,14,39-7011,Tour Guides and Escorts,7171,8135,964,13.44,19.25,21,1.75,674,964,1,Millennial Exit,112,161
39,Millennial,Personal Care and Service Occupations,1451425,1654558,203133,14,27.7,29,39-3031,"Ushers, Lobby Attendants, and Ticket Takers",21667,24379,2712,12.52,18.86,20,1.14,2712,3086,1,Millennial Exit,452,514
39,Baby Boomer,Personal Care and Service Occupations,688295,808370,120075,17.45,13.14,14,39-3031,"Ushers, Lobby Attendants, and Ticket Takers",14115,17201,3086,21.86,12.28,15,2.72,2712,3086,1,Millennial Exit,452,514
19,Millennial,"Life, Physical, and Social Science Occupations",312140,328219,16079,5.15,26.96,27,19-4011,Agricultural and Food Science Technicians,5489,5604,115,2.1,26.9,27,0.1,115,491,1,Millennial Exit,19,82
19,Baby Boomer,"Life, Physical, and Social Science Occupations",189040,214879,25839,13.67,16.33,18,19-4011,Agricultural and Food Science Technicians,3017,3508,491,16.27,14.78,17,2.22,115,491,1,Millennial Exit,19,82
39,Millennial,Personal Care and Service Occupations,1451425,1654558,203133,14,27.7,29,39-3091,Amusement and Recreation Attendants,56417,63833,7416,13.14,20.93,23,2.07,7416,3799,2,Millennial Growth,1236,633
39,Baby Boomer,Personal Care and Service Occupations,688295,808370,120075,17.45,13.14,14,39-3091,Amusement and Recreation Attendants,29788,33587,3799,12.75,11.05,12,0.95,7416,3799,2,Millennial Growth,1236,633
17,Baby Boomer,Architecture and Engineering Occupations,422861,462564,39703,9.39,15.93,18,17-1011,"Architects, Except Landscape and Naval",20322,18705,-1617,-7.96,14.96,17,2.04,-11025,-1617,NULL,Shrinking,-1838,-270
17,Millennial,Architecture and Engineering Occupations,662470,593064,-69406,-10.48,24.96,24,17-1011,"Architects, Except Landscape and Naval",39788,28763,-11025,-27.71,29.29,26,-3.29,-11025,-1617,NULL,Shrinking,-1838,-270
11,Baby Boomer,Management Occupations,1465399,1506812,41413,2.83,17.5,19,11-9041,Architectural and Engineering Managers,39866,44317,4451,11.16,19.68,23,3.32,-1761,4451,0,Millennial Exit,-294,742
11,Millennial,Management Occupations,1555952,1461670,-94282,-6.06,18.59,18,11-9041,Architectural and Engineering Managers,21687,19926,-1761,-8.12,10.71,11,0.29,-1761,4451,0,Millennial Exit,-294,742
27,Baby Boomer,"Arts, Design, Entertainment, Sports, and Media Occupations",355964,374103,18139,5.1,13.26,14,27-4011,Audio and Video Equipment Technicians,6152,7149,997,16.21,8.53,10,1.47,64,997,1,Millennial Exit,11,166
27,Millennial,"Arts, Design, Entertainment, Sports, and Media Occupations",814043,788864,-25179,-3.09,30.31,30,27-4011,Audio and Video Equipment Technicians,27323,27387,64,0.23,37.88,38,0.12,64,997,1,Millennial Exit,11,166
19,Baby Boomer,"Life, Physical, and Social Science Occupations",189040,214879,25839,13.67,16.33,18,19-1029,"Biological Scientists, All Other",4552,5180,628,13.8,15.11,16,0.89,474,628,1,Millennial Exit,79,105
19,Millennial,"Life, Physical, and Social Science Occupations",312140,328219,16079,5.15,26.96,27,19-1029,"Biological Scientists, All Other",8928,9402,474,5.31,29.63,29,-0.63,474,628,1,Millennial Exit,79,105
27,Baby Boomer,"Arts, Design, Entertainment, Sports, and Media Occupations",355964,374103,18139,5.1,13.26,14,27-3021,Broadcast News Analysts,732,989,257,35.11,9.92,13,3.08,-241,257,0,Millennial Exit,-40,43
27,Millennial,"Arts, Design, Entertainment, Sports, and Media Occupations",814043,788864,-25179,-3.09,30.31,30,27-3021,Broadcast News Analysts,2402,2161,-241,-10.03,32.59,29,-3.59,-241,257,0,Millennial Exit,-40,43
51,Baby Boomer,Production Occupations,1461071,1531321,70250,4.81,14.43,17,51-3021,Butchers and Meat Cutters,19036,22475,3439,18.07,14.08,16,1.92,3623,3439,2,Millennial Growth,604,573
51,Millennial,Production Occupations,2484504,2167981,-316523,-12.74,24.53,24,51-3021,Butchers and Meat Cutters,35428,39051,3623,10.23,26.21,28,1.79,3623,3439,2,Millennial Growth,604,573
25,Baby Boomer,"Education, Training, and Library Occupations",1666597,1697604,31007,1.86,19.4,19,25-2032,"Career/Technical Education Teachers, Secondary School",19216,17847,-1369,-7.12,21.74,22,0.26,-1273,-1369,NULL,Shrinking,-212,-228
25,Millennial,"Education, Training, and Library Occupations",2051515,2114982,63467,3.09,23.88,25,25-2032,"Career/Technical Education Teachers, Secondary School",18614,17341,-1273,-6.84,21.06,21,-0.06,-1273,-1369,NULL,Shrinking,-212,-228
41,Baby Boomer,Sales and Related Occupations,2093226,2275446,182220,8.71,12.76,14,41-2011,Cashiers,269772,327563,57791,21.42,7.9,10,2.1,127939,57791,3,Millennial Growth,21323,9632
41,Millennial,Sales and Related Occupations,4431037,4504482,73445,1.66,27.02,28,41-2011,Cashiers,916305,1044244,127939,13.96,26.84,31,4.16,127939,57791,3,Millennial Growth,21323,9632
47,Baby Boomer,Construction and Extraction Occupations,853148,827748,-25400,-2.98,10.49,12,47-2051,Cement Masons and Concrete Finishers,16737,15156,-1581,-9.45,7.99,10,2.01,-24311,-1581,NULL,Shrinking,-4052,-264
47,Millennial,Construction and Extraction Occupations,2494960,2016673,-478287,-19.17,30.68,29,47-2051,Cement Masons and Concrete Finishers,78123,53812,-24311,-31.12,37.28,35,-2.28,-24311,-1581,NULL,Shrinking,-4052,-264
35,Baby Boomer,Food Preparation and Serving Related Occupations,715561,858635,143074,19.99,6.26,7,35-1011,Chefs and Head Cooks,9765,10987,1222,12.51,8.84,10,1.16,1380,1222,2,Millennial Growth,230,204
35,Millennial,Food Preparation and Serving Related Occupations,3638345,4283180,644835,17.72,31.84,35,35-1011,Chefs and Head Cooks,33897,35277,1380,4.07,30.69,32,1.31,1380,1222,2,Millennial Growth,230,204
17,Millennial,Architecture and Engineering Occupations,662470,593064,-69406,-10.48,24.96,24,17-2051,Civil Engineers,82328,74688,-7640,-9.28,28.27,27,-1.27,-7640,2590,-2,Millennial Exit,-1273,432
17,Baby Boomer,Architecture and Engineering Occupations,422861,462564,39703,9.39,15.93,18,17-2051,Civil Engineers,47722,50312,2590,5.43,16.39,18,1.61,-7640,2590,-2,Millennial Exit,-1273,432
13,Baby Boomer,Business and Financial Operations Occupations,1099023,1225149,126126,11.48,15.43,17,13-1031,"Claims Adjusters, Examiners, and Investigators",42140,47010,4870,11.56,14.92,17,2.08,-5743,4870,-1,Millennial Exit,-957,812
13,Millennial,Business and Financial Operations Occupations,1992479,1981010,-11469,-0.58,27.97,27,13-1031,"Claims Adjusters, Examiners, and Investigators",74841,69098,-5743,-7.67,26.5,25,-1.5,-5743,4870,-1,Millennial Exit,-957,812
51,Millennial,Production Occupations,2484504,2167981,-316523,-12.74,24.53,24,51-9192,"Cleaning, Washing, and Metal Pickling Equipment Operators and Tenders",4556,4395,-161,-3.53,26.47,26,-0.47,-161,405,0,Millennial Exit,-27,68
51,Baby Boomer,Production Occupations,1461071,1531321,70250,4.81,14.43,17,51-9192,"Cleaning, Washing, and Metal Pickling Equipment Operators and Tenders",2777,3182,405,14.58,16.13,19,2.87,-161,405,0,Millennial Exit,-27,68
51,Baby Boomer,Production Occupations,1461071,1531321,70250,4.81,14.43,17,51-2021,"Coil Winders, Tapers, and Finishers",3063,3197,134,4.37,18.36,22,3.64,-750,134,-5,Millennial Exit,-125,22
51,Millennial,Production Occupations,2484504,2167981,-316523,-12.74,24.53,24,51-2021,"Coil Winders, Tapers, and Finishers",3336,2586,-750,-22.48,19.99,18,-1.99,-750,134,-5,Millennial Exit,-125,22
13,Baby Boomer,Business and Financial Operations Occupations,1099023,1225149,126126,11.48,15.43,17,13-1141,"Compensation, Benefits, and Job Analysis Specialists",13891,14541,650,4.68,14.78,16,1.22,-1366,650,-2,Millennial Exit,-228,108
13,Millennial,Business and Financial Operations Occupations,1992479,1981010,-11469,-0.58,27.97,27,13-1141,"Compensation, Benefits, and Job Analysis Specialists",25822,24456,-1366,-5.29,27.48,27,-0.48,-1366,650,-2,Millennial Exit,-228,108
15,Millennial,Computer and Mathematical Occupations,1205652,1230220,24568,2.04,32.73,32,15-1131,Computer Programmers,108241,102539,-5702,-5.27,31.33,30,-1.33,-5702,4928,-1,Millennial Exit,-950,821
15,Baby Boomer,Computer and Mathematical Occupations,372843,446730,73887,19.82,10.12,11,15-1131,Computer Programmers,36863,41791,4928,13.37,10.67,12,1.33,-5702,4928,-1,Millennial Exit,-950,821
35,Baby Boomer,Food Preparation and Serving Related Occupations,715561,858635,143074,19.99,6.26,7,35-2012,"Cooks, Institution and Cafeteria",65670,68233,2563,3.9,15.84,16,0.16,8389,2563,4,Millennial Growth,1398,427
35,Millennial,Food Preparation and Serving Related Occupations,3638345,4283180,644835,17.72,31.84,35,35-2012,"Cooks, Institution and Cafeteria",99346,107735,8389,8.44,23.97,25,1.03,8389,2563,4,Millennial Growth,1398,427
35,Millennial,Food Preparation and Serving Related Occupations,3638345,4283180,644835,17.72,31.84,35,35-2015,"Cooks, Short Order",54634,62529,7895,14.45,33.03,36,2.97,7895,2097,4,Millennial Growth,1316,350
35,Baby Boomer,Food Preparation and Serving Related Occupations,715561,858635,143074,19.99,6.26,7,35-2015,"Cooks, Short Order",10900,12997,2097,19.24,6.59,8,1.41,7895,2097,4,Millennial Growth,1316,350
13,Baby Boomer,Business and Financial Operations Occupations,1099023,1225149,126126,11.48,15.43,17,13-1051,Cost Estimators,46991,47547,556,1.18,18.94,22,3.06,-10233,556,-18,Millennial Exit,-1706,93
13,Millennial,Business and Financial Operations Occupations,1992479,1981010,-11469,-0.58,27.97,27,13-1051,Cost Estimators,48375,38142,-10233,-21.15,19.5,18,-1.5,-10233,556,-18,Millennial Exit,-1706,93
41,Millennial,Sales and Related Occupations,4431037,4504482,73445,1.66,27.02,28,41-2021,Counter and Rental Clerks,166592,154932,-11660,-7,34,35,1,-11660,5571,-2,Millennial Exit,-1943,929
41,Baby Boomer,Sales and Related Occupations,2093226,2275446,182220,8.71,12.76,14,41-2021,Counter and Rental Clerks,51700,57271,5571,10.78,10.55,13,2.45,-11660,5571,-2,Millennial Exit,-1943,929
35,Baby Boomer,Food Preparation and Serving Related Occupations,715561,858635,143074,19.99,6.26,7,35-3022,"Counter Attendants, Cafeteria, Food Concession, and Coffee Shop",18920,23585,4665,24.66,4.3,5,0.7,21477,4665,5,Millennial Growth,3580,778
35,Millennial,Food Preparation and Serving Related Occupations,3638345,4283180,644835,17.72,31.84,35,35-3022,"Counter Attendants, Cafeteria, Food Concession, and Coffee Shop",72838,94315,21477,29.49,16.56,20,3.44,21477,4665,5,Millennial Growth,3580,778
13,Millennial,Business and Financial Operations Occupations,1992479,1981010,-11469,-0.58,27.97,27,13-2041,Credit Analysts,28936,27645,-1291,-4.46,45.1,44,-1.1,-1291,1021,-1,Millennial Exit,-215,170
13,Baby Boomer,Business and Financial Operations Occupations,1099023,1225149,126126,11.48,15.43,17,13-2041,Credit Analysts,5334,6355,1021,19.14,8.31,10,1.69,-1291,1021,-1,Millennial Exit,-215,170
51,Millennial,Production Occupations,2484504,2167981,-316523,-12.74,24.53,24,51-9031,"Cutters and Trimmers, Hand",4340,3298,-1042,-24.01,24.52,22,-2.52,-1042,-45,NULL,Shrinking,-174,-8
51,Baby Boomer,Production Occupations,1461071,1531321,70250,4.81,14.43,17,51-9031,"Cutters and Trimmers, Hand",2994,2949,-45,-1.5,16.91,21,4.09,-1042,-45,NULL,Shrinking,-174,-8
29,Baby Boomer,Healthcare Practitioners and Technical Occupations,1161066,1413668,252602,21.76,15.49,17,29-2051,Dietetic Technicians,2643,3183,540,20.43,11.09,13,1.91,924,540,2,Millennial Growth,154,90
29,Millennial,Healthcare Practitioners and Technical Occupations,1944312,2157397,213085,10.96,25.94,27,29-2051,Dietetic Technicians,8269,9193,924,11.17,34.69,37,2.31,924,540,2,Millennial Growth,154,90
35,Baby Boomer,Food Preparation and Serving Related Occupations,715561,858635,143074,19.99,6.26,7,35-9021,Dishwashers,42023,53277,11254,26.78,8.45,10,1.55,19871,11254,2,Millennial Growth,3312,1876
35,Millennial,Food Preparation and Serving Related Occupations,3638345,4283180,644835,17.72,31.84,35,35-9021,Dishwashers,130268,150139,19871,15.25,26.18,29,2.82,19871,11254,2,Millennial Growth,3312,1876
53,Baby Boomer,Transportation and Material Moving Occupations,1374052,1505802,131750,9.59,13.78,16,53-7031,Dredge Operators,269,319,50,18.59,9.84,14,4.16,-48,50,-1,Millennial Exit,-8,8
53,Millennial,Transportation and Material Moving Occupations,2524305,2379228,-145077,-5.75,25.32,26,53-7031,Dredge Operators,353,305,-48,-13.6,12.93,13,0.07,-48,50,-1,Millennial Exit,-8,8
47,Baby Boomer,Construction and Extraction Occupations,853148,827748,-25400,-2.98,10.49,12,47-2081,Drywall and Ceiling Tile Installers,11046,8773,-2273,-20.58,6.35,8,1.65,-24215,-2273,NULL,Shrinking,-4036,-379
47,Millennial,Construction and Extraction Occupations,2494960,2016673,-478287,-19.17,30.68,29,47-2081,Drywall and Ceiling Tile Installers,63597,39382,-24215,-38.08,36.56,35,-1.56,-24215,-2273,NULL,Shrinking,-4036,-379
49,Millennial,"Installation, Maintenance, and Repair Occupations",1453597,1378460,-75137,-5.17,24.53,24,49-2097,Electronic Home Entertainment Equipment Installers and Repairers,17673,15033,-2640,-14.94,44.6,40,-4.6,-2640,844,-3,Millennial Exit,-440,141
49,Baby Boomer,"Installation, Maintenance, and Repair Occupations",865447,946602,81155,9.38,14.61,17,49-2097,Electronic Home Entertainment Equipment Installers and Repairers,3086,3930,844,27.35,7.79,11,3.21,-2640,844,-3,Millennial Exit,-440,141
17,Baby Boomer,Architecture and Engineering Occupations,422861,462564,39703,9.39,15.93,18,17-2072,"Electronics Engineers, Except Computer",24026,26403,2377,9.89,16.31,19,2.69,-4389,2377,-1,Millennial Exit,-732,396
17,Millennial,Architecture and Engineering Occupations,662470,593064,-69406,-10.48,24.96,24,17-2072,"Electronics Engineers, Except Computer",34271,29882,-4389,-12.81,23.27,21,-2.27,-4389,2377,-1,Millennial Exit,-732,396
43,Baby Boomer,Office and Administrative Support Occupations,3591385,3937939,346554,9.65,14.97,17,43-4061,"Eligibility Interviewers, Government Programs",24122,23807,-315,-1.31,17.79,18,0.21,-484,-315,NULL,Shrinking,-81,-53
43,Millennial,Office and Administrative Support Occupations,6630203,6389681,-240522,-3.63,27.63,27,43-4061,"Eligibility Interviewers, Government Programs",30141,29657,-484,-1.61,22.23,23,0.77,-484,-315,NULL,Shrinking,-81,-53
17,Baby Boomer,Architecture and Engineering Occupations,422861,462564,39703,9.39,15.93,18,17-3029,"Engineering Technicians, Except Drafters, All Other",11224,12978,1754,15.63,17.03,19,1.97,683,1754,1,Millennial Exit,114,292
17,Millennial,Architecture and Engineering Occupations,662470,593064,-69406,-10.48,24.96,24,17-3029,"Engineering Technicians, Except Drafters, All Other",14325,15008,683,4.77,21.73,22,0.27,683,1754,1,Millennial Exit,114,292
17,Baby Boomer,Architecture and Engineering Occupations,422861,462564,39703,9.39,15.93,18,17-2081,Environmental Engineers,6860,7956,1096,15.98,13.57,15,1.43,264,1096,1,Millennial Exit,44,183
17,Millennial,Architecture and Engineering Occupations,662470,593064,-69406,-10.48,24.96,24,17-2081,Environmental Engineers,15134,15398,264,1.74,29.94,29,-0.94,264,1096,1,Millennial Exit,44,183
29,Baby Boomer,Healthcare Practitioners and Technical Occupations,1161066,1413668,252602,21.76,15.49,17,29-1062,Family and General Practitioners,22828,26173,3345,14.65,18.89,21,2.11,1450,3345,1,Millennial Exit,242,558
29,Millennial,Healthcare Practitioners and Technical Occupations,1944312,2157397,213085,10.96,25.94,27,29-1062,Family and General Practitioners,18554,20004,1450,7.82,15.35,16,0.65,1450,3345,1,Millennial Exit,242,558
11,Baby Boomer,Management Occupations,1465399,1506812,41413,2.83,17.5,19,11-9013,"Farmers, Ranchers, and Other Agricultural Managers",133042,109390,-23652,-17.78,22.28,22,-0.28,-10216,-23652,NULL,Shrinking,-1703,-3942
11,Millennial,Management Occupations,1555952,1461670,-94282,-6.06,18.59,18,11-9013,"Farmers, Ranchers, and Other Agricultural Managers",71020,60804,-10216,-14.38,11.89,12,0.11,-10216,-23652,NULL,Shrinking,-1703,-3942
27,Baby Boomer,"Arts, Design, Entertainment, Sports, and Media Occupations",355964,374103,18139,5.1,13.26,14,27-4032,Film and Video Editors,2006,2357,351,17.5,7.27,8,0.73,208,351,1,Millennial Exit,35,59
27,Millennial,"Arts, Design, Entertainment, Sports, and Media Occupations",814043,788864,-25179,-3.09,30.31,30,27-4032,Film and Video Editors,8862,9070,208,2.35,32.11,32,-0.11,208,351,1,Millennial Exit,35,59
43,Millennial,Office and Administrative Support Occupations,6630203,6389681,-240522,-3.63,27.63,27,43-3099,"Financial Clerks, All Other",14384,12790,-1594,-11.08,31.66,31,-0.66,-1594,723,-2,Millennial Exit,-266,121
43,Baby Boomer,Office and Administrative Support Occupations,3591385,3937939,346554,9.65,14.97,17,43-3099,"Financial Clerks, All Other",5970,6693,723,12.11,13.14,16,2.86,-1594,723,-2,Millennial Exit,-266,121
33,Millennial,Protective Service Occupations,799790,828819,29029,3.63,23.88,24,33-1011,First-Line Supervisors of Correctional Officers,10250,9888,-362,-3.53,21.62,21,-0.62,-362,-294,NULL,Shrinking,-60,-49
33,Baby Boomer,Protective Service Occupations,549128,564740,15612,2.84,16.39,17,33-1011,First-Line Supervisors of Correctional Officers,8182,7888,-294,-3.59,17.26,17,-0.26,-362,-294,NULL,Shrinking,-60,-49
33,Baby Boomer,Protective Service Occupations,549128,564740,15612,2.84,16.39,17,33-1021,First-Line Supervisors of Fire Fighting and Prevention Workers,9847,9763,-84,-0.85,15.95,16,0.05,-79,-84,NULL,Shrinking,-13,-14
33,Millennial,Protective Service Occupations,799790,828819,29029,3.63,23.88,24,33-1021,First-Line Supervisors of Fire Fighting and Prevention Workers,13064,12985,-79,-0.6,21.16,21,-0.16,-79,-84,NULL,Shrinking,-13,-14
37,Baby Boomer,Building and Grounds Cleaning and Maintenance Occupations,876401,966863,90462,10.32,15.1,16,37-1012,"First-Line Supervisors of Landscaping, Lawn Service, and Groundskeeping Workers",18621,19692,1071,5.75,11.52,12,0.48,-243,1071,0,Millennial Exit,-41,179
37,Millennial,Building and Grounds Cleaning and Maintenance Occupations,1333020,1386529,53509,4.01,22.97,23,37-1012,"First-Line Supervisors of Landscaping, Lawn Service, and Groundskeeping Workers",42110,41867,-243,-0.58,26.06,26,-0.06,-243,1071,0,Millennial Exit,-41,179
47,Millennial,Construction and Extraction Occupations,2494960,2016673,-478287,-19.17,30.68,29,47-2043,Floor Sanders and Finishers,4138,2914,-1224,-29.58,38.36,36,-2.36,-1224,-65,NULL,Shrinking,-204,-11
47,Baby Boomer,Construction and Extraction Occupations,853148,827748,-25400,-2.98,10.49,12,47-2043,Floor Sanders and Finishers,425,360,-65,-15.29,3.94,5,1.06,-1224,-65,NULL,Shrinking,-204,-11
51,Millennial,Production Occupations,2484504,2167981,-316523,-12.74,24.53,24,51-3092,Food Batchmakers,29122,29936,814,2.8,28.62,30,1.38,814,2368,1,Millennial Exit,136,395
51,Baby Boomer,Production Occupations,1461071,1531321,70250,4.81,14.43,17,51-3092,Food Batchmakers,11938,14306,2368,19.84,11.73,14,2.27,814,2368,1,Millennial Exit,136,395
53,Millennial,Transportation and Material Moving Occupations,2524305,2379228,-145077,-5.75,25.32,26,53-7071,Gas Compressor and Gas Pumping Station Operators,726,997,271,37.33,16.61,22,5.39,271,250,2,Millennial Growth,45,42
53,Baby Boomer,Transportation and Material Moving Occupations,1374052,1505802,131750,9.59,13.78,16,53-7071,Gas Compressor and Gas Pumping Station Operators,519,769,250,48.17,11.87,17,5.13,271,250,2,Millennial Growth,45,42
21,Baby Boomer,Community and Social Service Occupations,419589,457468,37879,9.03,18.52,19,21-1091,"Health Educators ",8908,11137,2229,25.02,17.42,19,1.58,2523,2229,2,Millennial Growth,421,372
21,Millennial,Community and Social Service Occupations,571034,615626,44592,7.81,25.21,26,21-1091,"Health Educators ",15027,17550,2523,16.79,29.38,30,0.62,2523,2229,2,Millennial Growth,421,372
29,Baby Boomer,Healthcare Practitioners and Technical Occupations,1161066,1413668,252602,21.76,15.49,17,29-2099,"Health Technologists and Technicians, All Other",10477,13472,2995,28.59,12.81,15,2.19,3606,2995,2,Millennial Growth,601,499
29,Millennial,Healthcare Practitioners and Technical Occupations,1944312,2157397,213085,10.96,25.94,27,29-2099,"Health Technologists and Technicians, All Other",23890,27496,3606,15.09,29.21,30,0.79,3606,2995,2,Millennial Growth,601,499
47,Millennial,Construction and Extraction Occupations,2494960,2016673,-478287,-19.17,30.68,29,47-3014,"Helpers--Painters, Paperhangers, Plasterers, and Stucco Masons",6433,4471,-1962,-30.5,36.18,37,0.82,-1962,-37,NULL,Shrinking,-327,-6
47,Baby Boomer,Construction and Extraction Occupations,853148,827748,-25400,-2.98,10.49,12,47-3014,"Helpers--Painters, Paperhangers, Plasterers, and Stucco Masons",834,797,-37,-4.44,4.69,7,2.31,-1962,-37,NULL,Shrinking,-327,-6
47,Baby Boomer,Construction and Extraction Occupations,853148,827748,-25400,-2.98,10.49,12,47-3015,"Helpers--Pipelayers, Plumbers, Pipefitters, and Steamfitters",2748,3448,700,25.47,4.84,7,2.16,-1302,700,-1,Millennial Exit,-217,117
47,Millennial,Construction and Extraction Occupations,2494960,2016673,-478287,-19.17,30.68,29,47-3015,"Helpers--Pipelayers, Plumbers, Pipefitters, and Steamfitters",22101,20799,-1302,-5.89,38.91,40,1.09,-1302,700,-1,Millennial Exit,-217,117
17,Baby Boomer,Architecture and Engineering Occupations,422861,462564,39703,9.39,15.93,18,17-2112,Industrial Engineers,42070,46707,4637,11.02,17.51,21,3.49,-6103,4637,-1,Millennial Exit,-1017,773
17,Millennial,Architecture and Engineering Occupations,662470,593064,-69406,-10.48,24.96,24,17-2112,Industrial Engineers,49425,43322,-6103,-12.35,20.57,20,-0.57,-6103,4637,-1,Millennial Exit,-1017,773
23,Millennial,Legal Occupations,335642,320408,-15234,-4.54,25.76,26,23-1012,Judicial Law Clerks,2346,2235,-111,-4.73,16.99,19,2.01,-111,-739,NULL,Shrinking,-19,-123
23,Baby Boomer,Legal Occupations,214033,222448,8415,3.93,16.43,18,23-1012,Judicial Law Clerks,2666,1927,-739,-27.72,19.31,16,-3.31,-111,-739,NULL,Shrinking,-19,-123
53,Baby Boomer,Transportation and Material Moving Occupations,1374052,1505802,131750,9.59,13.78,16,53-4012,Locomotive Firers,614,606,-8,-1.3,36.52,36,-0.52,NULL,-8,NULL,Shrinking,NULL,-1
37,Millennial,Building and Grounds Cleaning and Maintenance Occupations,1333020,1386529,53509,4.01,22.97,23,37-2012,Maids and Housekeeping Cleaners,337842,355984,18142,5.37,22.05,22,-0.05,18142,28568,1,Millennial Exit,3024,4761
37,Baby Boomer,Building and Grounds Cleaning and Maintenance Occupations,876401,966863,90462,10.32,15.1,16,37-2012,Maids and Housekeeping Cleaners,238814,267382,28568,11.96,15.59,17,1.41,18142,28568,1,Millennial Exit,3024,4761
11,Baby Boomer,Management Occupations,1465399,1506812,41413,2.83,17.5,19,11-9199,"Managers, All Other",125597,137929,12332,9.82,19.89,21,1.11,3491,12332,1,Millennial Exit,582,2055
11,Millennial,Management Occupations,1555952,1461670,-94282,-6.06,18.59,18,11-9199,"Managers, All Other",103024,106515,3491,3.39,16.31,16,-0.31,3491,12332,1,Millennial Exit,582,2055
17,Millennial,Architecture and Engineering Occupations,662470,593064,-69406,-10.48,24.96,24,17-2131,Materials Engineers,5629,5367,-262,-4.65,24.1,24,-0.1,-262,675,0,Millennial Exit,-44,113
17,Baby Boomer,Architecture and Engineering Occupations,422861,462564,39703,9.39,15.93,18,17-2131,Materials Engineers,3380,4055,675,19.97,14.47,17,2.53,-262,675,0,Millennial Exit,-44,113
19,Baby Boomer,"Life, Physical, and Social Science Occupations",189040,214879,25839,13.67,16.33,18,19-2032,Materials Scientists,1027,1284,257,25.02,12.85,16,3.15,-85,257,0,Millennial Exit,-14,43
19,Millennial,"Life, Physical, and Social Science Occupations",312140,328219,16079,5.15,26.96,27,19-2032,Materials Scientists,2034,1949,-85,-4.18,25.45,25,-0.45,-85,257,0,Millennial Exit,-14,43
17,Millennial,Architecture and Engineering Occupations,662470,593064,-69406,-10.48,24.96,24,17-3013,Mechanical Drafters,21286,18634,-2652,-12.46,28.98,28,-0.98,-2652,983,-2,Millennial Exit,-442,164
17,Baby Boomer,Architecture and Engineering Occupations,422861,462564,39703,9.39,15.93,18,17-3013,Mechanical Drafters,10590,11573,983,9.28,14.42,17,2.58,-2652,983,-2,Millennial Exit,-442,164
29,Millennial,Healthcare Practitioners and Technical Occupations,1944312,2157397,213085,10.96,25.94,27,29-2011,Medical and Clinical Laboratory Technologists,45599,47620,2021,4.43,29.04,29,-0.04,2021,4750,1,Millennial Exit,337,792
29,Baby Boomer,Healthcare Practitioners and Technical Occupations,1161066,1413668,252602,21.76,15.49,17,29-2011,Medical and Clinical Laboratory Technologists,24816,29566,4750,19.14,15.81,18,2.19,2021,4750,1,Millennial Exit,337,792
31,Baby Boomer,Healthcare Support Occupations,462450,584837,122387,26.46,12.23,14,31-9094,Medical Transcriptionists,13440,16807,3367,25.05,16.62,19,2.38,240,3367,1,Millennial Exit,40,561
31,Millennial,Healthcare Support Occupations,1225658,1416322,190664,15.56,32.41,33,31-9094,Medical Transcriptionists,22452,22692,240,1.07,27.77,27,-0.77,240,3367,1,Millennial Exit,40,561
39,Millennial,Personal Care and Service Occupations,1451425,1654558,203133,14,27.7,29,39-4031,"Morticians, Undertakers, and Funeral Directors",3717,3727,10,0.27,14.59,14,-0.59,10,442,1,Millennial Exit,2,74
39,Baby Boomer,Personal Care and Service Occupations,688295,808370,120075,17.45,13.14,14,39-4031,"Morticians, Undertakers, and Funeral Directors",5188,5630,442,8.52,20.35,22,1.65,10,442,1,Millennial Exit,2,74
29,Millennial,Healthcare Practitioners and Technical Occupations,1944312,2157397,213085,10.96,25.94,27,29-2081,"Opticians, Dispensing",16557,19658,3101,18.73,28.01,29,0.99,3101,2543,2,Millennial Growth,517,424
29,Baby Boomer,Healthcare Practitioners and Technical Occupations,1161066,1413668,252602,21.76,15.49,17,29-2081,"Opticians, Dispensing",8599,11142,2543,29.57,14.55,17,2.45,3101,2543,2,Millennial Growth,517,424
47,Baby Boomer,Construction and Extraction Occupations,853148,827748,-25400,-2.98,10.49,12,47-2142,Paperhangers,1639,661,-978,-59.67,15.3,11,-4.3,-248,-978,NULL,Shrinking,-41,-163
47,Millennial,Construction and Extraction Occupations,2494960,2016673,-478287,-19.17,30.68,29,47-2142,Paperhangers,792,544,-248,-31.31,7.39,8,0.61,-248,-978,NULL,Shrinking,-41,-163
41,Millennial,Sales and Related Occupations,4431037,4504482,73445,1.66,27.02,28,41-2022,Parts Salespersons,65595,63871,-1724,-2.63,28.06,28,-0.06,-1724,3530,0,Millennial Exit,-287,588
41,Baby Boomer,Sales and Related Occupations,2093226,2275446,182220,8.71,12.76,14,41-2022,Parts Salespersons,35692,39222,3530,9.89,15.27,17,1.73,-1724,3530,0,Millennial Exit,-287,588
27,Baby Boomer,"Arts, Design, Entertainment, Sports, and Media Occupations",355964,374103,18139,5.1,13.26,14,27-4021,Photographers,16153,17468,1315,8.14,12.5,14,1.5,-2194,1315,-1,Millennial Exit,-366,219
27,Millennial,"Arts, Design, Entertainment, Sports, and Media Occupations",814043,788864,-25179,-3.09,30.31,30,27-4021,Photographers,40757,38563,-2194,-5.38,31.54,31,-0.54,-2194,1315,-1,Millennial Exit,-366,219
43,Millennial,Office and Administrative Support Occupations,6630203,6389681,-240522,-3.63,27.63,27,43-5053,"Postal Service Mail Sorters, Processors, and Processing Machine Operators",19896,13740,-6156,-30.94,11.52,11,-0.52,-6156,-12019,NULL,Shrinking,-1026,-2003
43,Baby Boomer,Office and Administrative Support Occupations,3591385,3937939,346554,9.65,14.97,17,43-5053,"Postal Service Mail Sorters, Processors, and Processing Machine Operators",41182,29163,-12019,-29.19,23.84,24,0.16,-6156,-12019,NULL,Shrinking,-1026,-2003
33,Baby Boomer,Protective Service Occupations,549128,564740,15612,2.84,16.39,17,33-9021,Private Detectives and Investigators,6681,6913,232,3.47,20.31,21,0.69,627,232,3,Millennial Growth,105,39
33,Millennial,Protective Service Occupations,799790,828819,29029,3.63,23.88,24,33-9021,Private Detectives and Investigators,7377,8004,627,8.5,22.43,24,1.57,627,232,3,Millennial Growth,105,39
51,Baby Boomer,Production Occupations,1461071,1531321,70250,4.81,14.43,17,51-9199,"Production Workers, All Other",33257,34948,1691,5.08,12.45,14,1.55,-6693,1691,-3,Millennial Exit,-1116,282
51,Millennial,Production Occupations,2484504,2167981,-316523,-12.74,24.53,24,51-9199,"Production Workers, All Other",76798,70105,-6693,-8.72,28.74,28,-0.74,-6693,1691,-3,Millennial Exit,-1116,282
27,Millennial,"Arts, Design, Entertainment, Sports, and Media Occupations",814043,788864,-25179,-3.09,30.31,30,27-4013,Radio Operators,384,317,-67,-17.45,23.37,21,-2.37,-67,23,-2,Millennial Exit,-11,4
27,Baby Boomer,"Arts, Design, Entertainment, Sports, and Media Occupations",355964,374103,18139,5.1,13.26,14,27-4013,Radio Operators,192,215,23,11.98,11.69,14,2.31,-67,23,-2,Millennial Exit,-11,4
49,Baby Boomer,"Installation, Maintenance, and Repair Occupations",865447,946602,81155,9.38,14.61,17,49-3043,Rail Car Repairers,3987,4565,578,14.5,20.89,21,0.11,646,578,2,Millennial Growth,108,96
49,Millennial,"Installation, Maintenance, and Repair Occupations",1453597,1378460,-75137,-5.17,24.53,24,49-3043,Rail Car Repairers,4095,4741,646,15.78,21.46,22,0.54,646,578,2,Millennial Growth,108,96
47,Millennial,Construction and Extraction Occupations,2494960,2016673,-478287,-19.17,30.68,29,47-4061,Rail-Track Laying and Maintenance Equipment Operators,3672,3774,102,2.78,20.67,21,0.33,102,111,1,Millennial Exit,17,19
47,Baby Boomer,Construction and Extraction Occupations,853148,827748,-25400,-2.98,10.49,12,47-4061,Rail-Track Laying and Maintenance Equipment Operators,3356,3467,111,3.31,18.89,19,0.11,102,111,1,Millennial Exit,17,19
49,Baby Boomer,"Installation, Maintenance, and Repair Occupations",865447,946602,81155,9.38,14.61,17,49-9045,"Refractory Materials Repairers, Except Brickmasons",368,389,21,5.71,15.85,21,5.15,NULL,21,NULL,Millennial Exit,NULL,4
29,Baby Boomer,Healthcare Practitioners and Technical Occupations,1161066,1413668,252602,21.76,15.49,17,29-1141,Registered Nurses,439432,550449,111017,25.26,17.7,20,2.3,61405,111017,1,Millennial Exit,10234,18503
29,Millennial,Healthcare Practitioners and Technical Occupations,1944312,2157397,213085,10.96,25.94,27,29-1141,Registered Nurses,551046,612451,61405,11.14,22.2,23,0.8,61405,111017,1,Millennial Exit,10234,18503
43,Millennial,Office and Administrative Support Occupations,6630203,6389681,-240522,-3.63,27.63,27,43-6014,"Secretaries and Administrative Assistants, Except Legal, Medical, and Executive",622918,569072,-53846,-8.64,23.34,23,-0.34,-53846,21767,-2,Millennial Exit,-8974,3628
43,Baby Boomer,Office and Administrative Support Occupations,3591385,3937939,346554,9.65,14.97,17,43-6014,"Secretaries and Administrative Assistants, Except Legal, Medical, and Executive",495682,517449,21767,4.39,18.57,21,2.43,-53846,21767,-2,Millennial Exit,-8974,3628
51,Millennial,Production Occupations,2484504,2167981,-316523,-12.74,24.53,24,51-6051,"Sewers, Hand",894,676,-218,-24.38,9.58,9,-0.58,-218,-43,NULL,Shrinking,-36,-7
51,Baby Boomer,Production Occupations,1461071,1531321,70250,4.81,14.43,17,51-6051,"Sewers, Hand",2387,2344,-43,-1.8,25.58,30,4.42,-218,-43,NULL,Shrinking,-36,-7
19,Millennial,"Life, Physical, and Social Science Occupations",312140,328219,16079,5.15,26.96,27,19-3099,"Social Scientists and Related Workers, All Other",9374,10343,969,10.34,30.62,30,-0.62,969,641,2,Millennial Growth,162,107
19,Baby Boomer,"Life, Physical, and Social Science Occupations",189040,214879,25839,13.67,16.33,18,19-3099,"Social Scientists and Related Workers, All Other",4694,5335,641,13.66,15.33,16,0.67,969,641,2,Millennial Growth,162,107
15,Millennial,Computer and Mathematical Occupations,1205652,1230220,24568,2.04,32.73,32,15-1132,"Software Developers, Applications",200141,209162,9021,4.51,35.08,33,-2.08,9021,11604,1,Millennial Exit,1504,1934
15,Baby Boomer,Computer and Mathematical Occupations,372843,446730,73887,19.82,10.12,11,15-1132,"Software Developers, Applications",44590,56194,11604,26.02,7.82,9,1.18,9021,11604,1,Millennial Exit,1504,1934
15,Millennial,Computer and Mathematical Occupations,1205652,1230220,24568,2.04,32.73,32,15-1133,"Software Developers, Systems Software",128688,136722,8034,6.24,34.19,33,-1.19,8034,9142,1,Millennial Exit,1339,1524
15,Baby Boomer,Computer and Mathematical Occupations,372843,446730,73887,19.82,10.12,11,15-1133,"Software Developers, Systems Software",29350,38492,9142,31.15,7.8,9,1.2,8034,9142,1,Millennial Exit,1339,1524
19,Baby Boomer,"Life, Physical, and Social Science Occupations",189040,214879,25839,13.67,16.33,18,19-1013,Soil and Plant Scientists,2329,2808,479,20.57,16.64,18,1.36,481,479,1,NULL,80,80
19,Millennial,"Life, Physical, and Social Science Occupations",312140,328219,16079,5.15,26.96,27,19-1013,Soil and Plant Scientists,3805,4286,481,12.64,27.19,28,0.81,481,479,1,NULL,80,80
47,Baby Boomer,Construction and Extraction Occupations,853148,827748,-25400,-2.98,10.49,12,47-2231,Solar Photovoltaic Installers,307,330,23,7.49,4.37,6,1.63,-530,23,-22,Millennial Exit,-88,4
47,Millennial,Construction and Extraction Occupations,2494960,2016673,-478287,-19.17,30.68,29,47-2231,Solar Photovoltaic Installers,2776,2246,-530,-19.09,39.47,38,-1.47,-530,23,-22,Millennial Exit,-88,4
43,Baby Boomer,Office and Administrative Support Occupations,3591385,3937939,346554,9.65,14.97,17,43-9111,Statistical Assistants,2211,2398,187,8.46,14.31,16,1.69,-166,187,0,Millennial Exit,-28,31
43,Millennial,Office and Administrative Support Occupations,6630203,6389681,-240522,-3.63,27.63,27,43-9111,Statistical Assistants,4272,4106,-166,-3.89,27.65,27,-0.65,-166,187,0,Millennial Exit,-28,31
25,Baby Boomer,"Education, Training, and Library Occupations",1666597,1697604,31007,1.86,19.4,19,25-3098,Substitute Teachers,128780,123957,-4823,-3.75,20.64,21,0.36,-4957,-4823,NULL,Shrinking,-826,-804
25,Millennial,"Education, Training, and Library Occupations",2051515,2114982,63467,3.09,23.88,25,25-3098,Substitute Teachers,139177,134220,-4957,-3.56,22.3,22,-0.3,-4957,-4823,NULL,Shrinking,-826,-804
53,Millennial,Transportation and Material Moving Occupations,2524305,2379228,-145077,-5.75,25.32,26,53-3041,Taxi Drivers and Chauffeurs,32926,34950,2024,6.15,14.07,14,-0.07,2024,7531,1,Millennial Exit,337,1255
53,Baby Boomer,Transportation and Material Moving Occupations,1374052,1505802,131750,9.59,13.78,16,53-3041,Taxi Drivers and Chauffeurs,49588,57119,7531,15.19,21.19,23,1.81,2024,7531,1,Millennial Exit,337,1255
27,Baby Boomer,"Arts, Design, Entertainment, Sports, and Media Occupations",355964,374103,18139,5.1,13.26,14,27-3042,Technical Writers,11843,13579,1736,14.66,23.3,26,2.7,-335,1736,0,Millennial Exit,-56,289
27,Millennial,"Arts, Design, Entertainment, Sports, and Media Occupations",814043,788864,-25179,-3.09,30.31,30,27-3042,Technical Writers,9058,8723,-335,-3.7,17.83,17,-0.83,-335,1736,0,Millennial Exit,-56,289
51,Baby Boomer,Production Occupations,1461071,1531321,70250,4.81,14.43,17,51-2093,Timing Device Assemblers and Adjusters,77,99,22,28.57,5.86,8,2.14,NULL,22,NULL,Millennial Exit,NULL,4
51,Baby Boomer,Production Occupations,1461071,1531321,70250,4.81,14.43,17,51-9197,Tire Builders,1614,1752,138,8.55,8.21,10,1.79,-238,138,-1,Millennial Exit,-40,23
51,Millennial,Production Occupations,2484504,2167981,-316523,-12.74,24.53,24,51-9197,Tire Builders,4602,4364,-238,-5.17,23.42,24,0.58,-238,138,-1,Millennial Exit,-40,23
23,Millennial,Legal Occupations,335642,320408,-15234,-4.54,25.76,26,23-2093,"Title Examiners, Abstractors, and Searchers",20202,17940,-2262,-11.2,32.62,31,-1.62,-2262,774,-2,Millennial Exit,-377,129
23,Baby Boomer,Legal Occupations,214033,222448,8415,3.93,16.43,18,23-2093,"Title Examiners, Abstractors, and Searchers",8124,8898,774,9.53,13.12,15,1.88,-2262,774,-2,Millennial Exit,-377,129
53,Baby Boomer,Transportation and Material Moving Occupations,1374052,1505802,131750,9.59,13.78,16,53-6051,Transportation Inspectors,4874,5459,585,12,19.72,21,1.28,158,585,1,Millennial Exit,26,98
53,Millennial,Transportation and Material Moving Occupations,2524305,2379228,-145077,-5.75,25.32,26,53-6051,Transportation Inspectors,4820,4978,158,3.28,19.5,19,-0.5,158,585,1,Millennial Exit,26,98
39,Baby Boomer,Personal Care and Service Occupations,688295,808370,120075,17.45,13.14,14,39-7012,Travel Guides,1518,1613,95,6.26,22.94,25,2.06,10,95,1,Millennial Exit,2,16
39,Millennial,Personal Care and Service Occupations,1451425,1654558,203133,14,27.7,29,39-7012,Travel Guides,1062,1072,10,0.94,16.04,17,0.96,10,95,1,Millennial Exit,2,16
19,Millennial,"Life, Physical, and Social Science Occupations",312140,328219,16079,5.15,26.96,27,19-3051,Urban and Regional Planners,9120,9074,-46,-0.5,23.86,23,-0.86,-46,143,0,Millennial Exit,-8,24
19,Baby Boomer,"Life, Physical, and Social Science Occupations",189040,214879,25839,13.67,16.33,18,19-3051,Urban and Regional Planners,5664,5807,143,2.52,14.82,15,0.18,-46,143,0,Millennial Exit,-8,24
35,Millennial,Food Preparation and Serving Related Occupations,3638345,4283180,644835,17.72,31.84,35,35-3031,Waiters and Waitresses,947924,1097916,149992,15.82,41.35,45,3.65,149992,21105,8,Millennial Growth,24999,3518
35,Baby Boomer,Food Preparation and Serving Related Occupations,715561,858635,143074,19.99,6.26,7,35-3031,Waiters and Waitresses,87763,108868,21105,24.05,3.83,4,0.17,149992,21105,8,Millennial Growth,24999,3518
15,Baby Boomer,Computer and Mathematical Occupations,372843,446730,73887,19.82,10.12,11,15-1134,Web Developers,6964,9271,2307,33.13,5.81,7,1.19,6084,2307,3,Millennial Growth,1014,385
15,Millennial,Computer and Mathematical Occupations,1205652,1230220,24568,2.04,32.73,32,15-1134,Web Developers,51196,57280,6084,11.88,42.73,42,-0.73,6084,2307,3,Millennial Growth,1014,385
51,Millennial,Production Occupations,2484504,2167981,-316523,-12.74,24.53,24,51-4121,"Welders, Cutters, Solderers, and Brazers",119297,108381,-10916,-9.15,29.8,29,-0.8,-10916,4344,-2,Millennial Exit,-1819,724
51,Baby Boomer,Production Occupations,1461071,1531321,70250,4.81,14.43,17,51-4121,"Welders, Cutters, Solderers, and Brazers",49823,54167,4344,8.72,12.45,15,2.55,-10916,4344,-2,Millennial Exit,-1819,724
51,Baby Boomer,Production Occupations,1461071,1531321,70250,4.81,14.43,17,51-7042,"Woodworking Machine Setters, Operators, and Tenders, Except Sawing",10387,9505,-882,-8.49,11.45,15,3.55,-10299,-882,NULL,Shrinking,-1717,-147
51,Millennial,Production Occupations,2484504,2167981,-316523,-12.74,24.53,24,51-7042,"Woodworking Machine Setters, Operators, and Tenders, Except Sawing",27613,17314,-10299,-37.3,30.43,28,-2.43,-10299,-882,NULL,Shrinking,-1717,-147
11,Millennial,Management Occupations,1555952,1461670,-94282,-6.06,18.59,18,11-3131,Training and Development Managers,5223,5188,-35,-0.67,18.95,19,0.05,-35,806,0,Millennial Exit,-6,134
29,Millennial,Healthcare Practitioners and Technical Occupations,1944312,2157397,213085,10.96,25.94,27,29-2056,Veterinary Technologists and Technicians,34701,41695,6994,20.16,46.59,48,1.41,6994,2023,4,Millennial Growth,1166,337
29,Baby Boomer,Healthcare Practitioners and Technical Occupations,1161066,1413668,252602,21.76,15.49,17,29-2056,Veterinary Technologists and Technicians,4046,6069,2023,50,5.43,7,1.57,6994,2023,4,Millennial Growth,1166,337
43,Baby Boomer,Office and Administrative Support Occupations,3591385,3937939,346554,9.65,14.97,17,43-5111,"Weighers, Measurers, Checkers, and Samplers, Recordkeeping",10485,12253,1768,16.86,14.13,17,2.87,-497,1768,0,Millennial Exit,-83,295
43,Millennial,Office and Administrative Support Occupations,6630203,6389681,-240522,-3.63,27.63,27,43-5111,"Weighers, Measurers, Checkers, and Samplers, Recordkeeping",19501,19004,-497,-2.55,26.27,27,0.73,-497,1768,0,Millennial Exit,-83,295
53,Baby Boomer,Transportation and Material Moving Occupations,1374052,1505802,131750,9.59,13.78,16,53-7073,Wellhead Pumpers,1646,2448,802,48.72,13.04,15,1.96,1632,802,3,Millennial Growth,272,134
53,Millennial,Transportation and Material Moving Occupations,2524305,2379228,-145077,-5.75,25.32,26,53-7073,Wellhead Pumpers,3442,5074,1632,47.41,27.27,33,5.73,1632,802,3,Millennial Growth,272,134
27,Baby Boomer,"Arts, Design, Entertainment, Sports, and Media Occupations",355964,374103,18139,5.1,13.26,14,27-3043,Writers and Authors,25183,25013,-170,-0.68,19.1,20,0.9,-1253,-170,NULL,Shrinking,-209,-28
27,Millennial,"Arts, Design, Entertainment, Sports, and Media Occupations",814043,788864,-25179,-3.09,30.31,30,27-3043,Writers and Authors,25783,24530,-1253,-4.86,19.56,20,0.44,-1253,-170,NULL,Shrinking,-209,-28
15,Baby Boomer,Computer and Mathematical Occupations,372843,446730,73887,19.82,10.12,11,15-2011,Actuaries,1544,1956,412,26.68,7.26,9,1.74,191,412,1,Millennial Exit,32,69
15,Millennial,Computer and Mathematical Occupations,1205652,1230220,24568,2.04,32.73,32,15-2011,Actuaries,7944,8135,191,2.4,37.32,36,-1.32,191,412,1,Millennial Exit,32,69
11,Millennial,Management Occupations,1555952,1461670,-94282,-6.06,18.59,18,11-3011,Administrative Services Managers,41208,40958,-250,-0.61,15.05,15,-0.05,-250,6047,0,Millennial Exit,-42,1008
11,Baby Boomer,Management Occupations,1465399,1506812,41413,2.83,17.5,19,11-3011,Administrative Services Managers,54114,60161,6047,11.17,19.76,22,2.24,-250,6047,0,Millennial Exit,-42,1008
25,Millennial,"Education, Training, and Library Occupations",2051515,2114982,63467,3.09,23.88,25,25-3011,"Adult Basic and Secondary Education and Literacy Teachers and Instructors ",17594,18435,841,4.78,23.9,24,0.1,841,438,2,Millennial Growth,140,73
25,Baby Boomer,"Education, Training, and Library Occupations",1666597,1697604,31007,1.86,19.4,19,25-3011,"Adult Basic and Secondary Education and Literacy Teachers and Instructors ",13950,14388,438,3.14,18.95,19,0.05,841,438,2,Millennial Growth,140,73
53,Baby Boomer,Transportation and Material Moving Occupations,1374052,1505802,131750,9.59,13.78,16,53-2021,Air Traffic Controllers,3909,4351,442,11.31,17.39,18,0.61,506,442,2,Millennial Growth,84,74
53,Millennial,Transportation and Material Moving Occupations,2524305,2379228,-145077,-5.75,25.32,26,53-2021,Air Traffic Controllers,5294,5800,506,9.56,23.56,23,-0.56,506,442,2,Millennial Growth,84,74
27,Millennial,"Arts, Design, Entertainment, Sports, and Media Occupations",814043,788864,-25179,-3.09,30.31,30,27-1011,Art Directors,16859,15634,-1225,-7.27,24.03,25,0.97,-1225,-993,NULL,Shrinking,-204,-166
27,Baby Boomer,"Arts, Design, Entertainment, Sports, and Media Occupations",355964,374103,18139,5.1,13.26,14,27-1011,Art Directors,11992,10999,-993,-8.28,17.1,17,-0.1,-1225,-993,NULL,Shrinking,-204,-166
19,Baby Boomer,"Life, Physical, and Social Science Occupations",189040,214879,25839,13.67,16.33,18,19-4021,Biological Technicians,8725,10374,1649,18.9,12.66,14,1.34,1325,1649,1,Millennial Exit,221,275
19,Millennial,"Life, Physical, and Social Science Occupations",312140,328219,16079,5.15,26.96,27,19-4021,Biological Technicians,23694,25019,1325,5.59,34.38,33,-1.38,1325,1649,1,Millennial Exit,221,275
43,Baby Boomer,Office and Administrative Support Occupations,3591385,3937939,346554,9.65,14.97,17,43-4011,Brokerage Clerks,5853,6208,355,6.07,8.32,10,1.68,-5740,355,-16,Millennial Exit,-957,59
43,Millennial,Office and Administrative Support Occupations,6630203,6389681,-240522,-3.63,27.63,27,43-4011,Brokerage Clerks,27085,21345,-5740,-21.19,38.53,35,-3.53,-5740,355,-16,Millennial Exit,-957,59
13,Millennial,Business and Financial Operations Occupations,1992479,1981010,-11469,-0.58,27.97,27,13-2031,Budget Analysts,13750,14257,507,3.69,23.87,24,0.13,507,1080,1,Millennial Exit,85,180
13,Baby Boomer,Business and Financial Operations Occupations,1099023,1225149,126126,11.48,15.43,17,13-2031,Budget Analysts,9076,10156,1080,11.9,15.76,17,1.24,507,1080,1,Millennial Exit,85,180
17,Baby Boomer,Architecture and Engineering Occupations,422861,462564,39703,9.39,15.93,18,17-3022,Civil Engineering Technicians,12152,12839,687,5.65,16.09,18,1.91,-1462,687,-2,Millennial Exit,-244,115
17,Millennial,Architecture and Engineering Occupations,662470,593064,-69406,-10.48,24.96,24,17-3022,Civil Engineering Technicians,18634,17172,-1462,-7.85,24.67,24,-0.67,-1462,687,-2,Millennial Exit,-244,115
19,Baby Boomer,"Life, Physical, and Social Science Occupations",189040,214879,25839,13.67,16.33,18,19-3031,"Clinical, Counseling, and School Psychologists",38842,40259,1417,3.65,26.56,27,0.44,835,1417,1,Millennial Exit,139,236
19,Millennial,"Life, Physical, and Social Science Occupations",312140,328219,16079,5.15,26.96,27,19-3031,"Clinical, Counseling, and School Psychologists",23873,24708,835,3.5,16.32,16,-0.32,835,1417,1,Millennial Exit,139,236
27,Baby Boomer,"Arts, Design, Entertainment, Sports, and Media Occupations",355964,374103,18139,5.1,13.26,14,27-2022,Coaches and Scouts,23838,27423,3585,15.04,11.37,12,0.63,11916,3585,4,Millennial Growth,1986,598
27,Millennial,"Arts, Design, Entertainment, Sports, and Media Occupations",814043,788864,-25179,-3.09,30.31,30,27-2022,Coaches and Scouts,61204,73120,11916,19.47,29.2,31,1.8,11916,3585,4,Millennial Growth,1986,598
35,Millennial,Food Preparation and Serving Related Occupations,3638345,4283180,644835,17.72,31.84,35,35-3021,"Combined Food Preparation and Serving Workers, Including Fast Food",736378,940923,204545,27.78,26.22,30,3.78,204545,38359,6,Millennial Growth,34091,6393
35,Baby Boomer,Food Preparation and Serving Related Occupations,715561,858635,143074,19.99,6.26,7,35-3021,"Combined Food Preparation and Serving Workers, Including Fast Food",151249,189608,38359,25.36,5.39,6,0.61,204545,38359,6,Millennial Growth,34091,6393
11,Baby Boomer,Management Occupations,1465399,1506812,41413,2.83,17.5,19,11-3021,Computer and Information Systems Managers,37648,44548,6900,18.33,11.87,14,2.13,-294,6900,0,Millennial Exit,-49,1150
11,Millennial,Management Occupations,1555952,1461670,-94282,-6.06,18.59,18,11-3021,Computer and Information Systems Managers,66751,66457,-294,-0.44,21.05,20,-1.05,-294,6900,0,Millennial Exit,-49,1150
15,Baby Boomer,Computer and Mathematical Occupations,372843,446730,73887,19.82,10.12,11,15-1152,Computer Network Support Specialists,18888,22209,3321,17.58,10.46,12,1.54,-984,3321,0,Millennial Exit,-164,554
15,Millennial,Computer and Mathematical Occupations,1205652,1230220,24568,2.04,32.73,32,15-1152,Computer Network Support Specialists,61833,60849,-984,-1.59,34.23,33,-1.23,-984,3321,0,Millennial Exit,-164,554
51,Baby Boomer,Production Occupations,1461071,1531321,70250,4.81,14.43,17,51-4012,"Computer Numerically Controlled Machine Tool Programmers, Metal and Plastic",3017,3585,568,18.83,11.97,15,3.03,-204,568,0,Millennial Exit,-34,95
51,Millennial,Production Occupations,2484504,2167981,-316523,-12.74,24.53,24,51-4012,"Computer Numerically Controlled Machine Tool Programmers, Metal and Plastic",6381,6177,-204,-3.2,25.33,25,-0.33,-204,568,0,Millennial Exit,-34,95
47,Millennial,Construction and Extraction Occupations,2494960,2016673,-478287,-19.17,30.68,29,47-4099,"Construction and Related Workers, All Other",13773,10888,-2885,-20.95,30.15,29,-1.15,-2885,-20,NULL,Shrinking,-481,-3
47,Baby Boomer,Construction and Extraction Occupations,853148,827748,-25400,-2.98,10.49,12,47-4099,"Construction and Related Workers, All Other",4966,4946,-20,-0.4,10.87,13,2.13,-2885,-20,NULL,Shrinking,-481,-3
35,Baby Boomer,Food Preparation and Serving Related Occupations,715561,858635,143074,19.99,6.26,7,35-2019,"Cooks, All Other",2970,3635,665,22.39,11.25,13,1.75,1179,665,2,Millennial Growth,197,111
35,Millennial,Food Preparation and Serving Related Occupations,3638345,4283180,644835,17.72,31.84,35,35-2019,"Cooks, All Other",6512,7691,1179,18.11,24.66,27,2.34,1179,665,2,Millennial Growth,197,111
43,Baby Boomer,Office and Administrative Support Occupations,3591385,3937939,346554,9.65,14.97,17,43-4031,"Court, Municipal, and License Clerks",22651,22404,-247,-1.09,17.46,18,0.54,-542,-247,NULL,Shrinking,-90,-41
43,Millennial,Office and Administrative Support Occupations,6630203,6389681,-240522,-3.63,27.63,27,43-4031,"Court, Municipal, and License Clerks",27273,26731,-542,-1.99,21.03,21,-0.03,-542,-247,NULL,Shrinking,-90,-41
53,Millennial,Transportation and Material Moving Occupations,2524305,2379228,-145077,-5.75,25.32,26,53-7021,Crane and Tower Operators,11184,9848,-1336,-11.95,21.89,21,-0.89,-1336,369,-3,Millennial Exit,-223,62
53,Baby Boomer,Transportation and Material Moving Occupations,1374052,1505802,131750,9.59,13.78,16,53-7021,Crane and Tower Operators,8437,8806,369,4.37,16.51,19,2.49,-1336,369,-3,Millennial Exit,-223,62
33,Millennial,Protective Service Occupations,799790,828819,29029,3.63,23.88,24,33-9091,Crossing Guards,15278,14364,-914,-5.98,20.34,21,0.66,-914,-564,NULL,Shrinking,-152,-94
33,Baby Boomer,Protective Service Occupations,549128,564740,15612,2.84,16.39,17,33-9091,Crossing Guards,11216,10652,-564,-5.03,14.93,15,0.07,-914,-564,NULL,Shrinking,-152,-94
15,Baby Boomer,Computer and Mathematical Occupations,372843,446730,73887,19.82,10.12,11,15-1141,Database Administrators,12237,15358,3121,25.5,11.35,13,1.65,1843,3121,1,Millennial Exit,307,520
15,Millennial,Computer and Mathematical Occupations,1205652,1230220,24568,2.04,32.73,32,15-1141,Database Administrators,26803,28646,1843,6.88,24.86,24,-0.86,1843,3121,1,Millennial Exit,307,520
17,Millennial,Architecture and Engineering Occupations,662470,593064,-69406,-10.48,24.96,24,17-3019,"Drafters, All Other",5829,4383,-1446,-24.81,30.32,28,-2.32,-1446,-17,NULL,Shrinking,-241,-3
17,Baby Boomer,Architecture and Engineering Occupations,422861,462564,39703,9.39,15.93,18,17-3019,"Drafters, All Other",2449,2432,-17,-0.69,12.74,16,3.26,-1446,-17,NULL,Shrinking,-241,-3
47,Baby Boomer,Construction and Extraction Occupations,853148,827748,-25400,-2.98,10.49,12,47-5021,"Earth Drillers, Except Oil and Gas",1345,1638,293,21.78,6.55,8,1.45,47,293,1,Millennial Exit,8,49
47,Millennial,Construction and Extraction Occupations,2494960,2016673,-478287,-19.17,30.68,29,47-5021,"Earth Drillers, Except Oil and Gas",7819,7866,47,0.6,38.06,38,-0.06,47,293,1,Millennial Exit,8,49
49,Baby Boomer,"Installation, Maintenance, and Repair Occupations",865447,946602,81155,9.38,14.61,17,49-9051,Electrical Power-Line Installers and Repairers,13107,15524,2417,18.44,11.65,13,1.35,2983,2417,2,Millennial Growth,497,403
49,Millennial,"Installation, Maintenance, and Repair Occupations",1453597,1378460,-75137,-5.17,24.53,24,49-9051,Electrical Power-Line Installers and Repairers,33068,36051,2983,9.02,29.4,31,1.6,2983,2417,2,Millennial Growth,497,403
11,Millennial,Management Occupations,1555952,1461670,-94282,-6.06,18.59,18,11-9161,Emergency Management Directors,1408,1446,38,2.7,15.11,15,-0.11,38,369,1,Millennial Exit,6,62
11,Baby Boomer,Management Occupations,1465399,1506812,41413,2.83,17.5,19,11-9161,Emergency Management Directors,1883,2252,369,19.6,20.21,24,3.79,38,369,1,Millennial Exit,6,62
39,Millennial,Personal Care and Service Occupations,1451425,1654558,203133,14,27.7,29,39-3099,"Entertainment Attendants and Related Workers, All Other",2493,2836,343,13.76,18.67,20,1.33,343,275,2,Millennial Growth,57,46
39,Baby Boomer,Personal Care and Service Occupations,688295,808370,120075,17.45,13.14,14,39-3099,"Entertainment Attendants and Related Workers, All Other",1273,1548,275,21.6,9.54,11,1.46,343,275,2,Millennial Growth,57,46
19,Baby Boomer,"Life, Physical, and Social Science Occupations",189040,214879,25839,13.67,16.33,18,19-2041,"Environmental Scientists and Specialists, Including Health",13168,14549,1381,10.49,15.61,16,0.39,1318,1381,1,Millennial Exit,220,230
19,Millennial,"Life, Physical, and Social Science Occupations",312140,328219,16079,5.15,26.96,27,19-2041,"Environmental Scientists and Specialists, Including Health",25275,26593,1318,5.21,29.96,30,0.04,1318,1381,1,Millennial Exit,220,230
45,Baby Boomer,"Farming, Fishing, and Forestry Occupations",116155,124627,8472,7.29,10.38,11,45-1011,"First-Line Supervisors of Farming, Fishing, and Forestry Workers",9082,9413,331,3.64,18.06,19,0.94,-96,331,0,Millennial Exit,-16,55
45,Millennial,"Farming, Fishing, and Forestry Occupations",322034,337045,15011,4.66,28.77,30,45-1011,"First-Line Supervisors of Farming, Fishing, and Forestry Workers",8693,8597,-96,-1.1,17.28,17,-0.28,-96,331,0,Millennial Exit,-16,55
39,Baby Boomer,Personal Care and Service Occupations,688295,808370,120075,17.45,13.14,14,39-1021,First-Line Supervisors of Personal Service Workers,25136,26626,1490,5.93,13.12,14,0.88,3704,1490,3,Millennial Growth,617,248
39,Millennial,Personal Care and Service Occupations,1451425,1654558,203133,14,27.7,29,39-1021,First-Line Supervisors of Personal Service Workers,57122,60826,3704,6.48,29.81,31,1.19,3704,1490,3,Millennial Growth,617,248
51,Baby Boomer,Production Occupations,1461071,1531321,70250,4.81,14.43,17,51-1011,First-Line Supervisors of Production and Operating Workers,109795,112947,3152,2.87,16.42,19,2.58,-17343,3152,-5,Millennial Exit,-2891,525
51,Millennial,Production Occupations,2484504,2167981,-316523,-12.74,24.53,24,51-1011,First-Line Supervisors of Production and Operating Workers,122961,105618,-17343,-14.1,18.39,18,-0.39,-17343,3152,-5,Millennial Exit,-2891,525
45,Millennial,"Farming, Fishing, and Forestry Occupations",322034,337045,15011,4.66,28.77,30,45-3011,Fishers and Related Fishing Workers,4960,5511,551,11.11,16.04,17,0.96,551,338,2,Millennial Growth,92,56
45,Baby Boomer,"Farming, Fishing, and Forestry Occupations",116155,124627,8472,7.29,10.38,11,45-3011,Fishers and Related Fishing Workers,5076,5414,338,6.66,16.42,16,-0.42,551,338,2,Millennial Growth,92,56
53,Baby Boomer,Transportation and Material Moving Occupations,1374052,1505802,131750,9.59,13.78,16,53-2031,Flight Attendants,15055,17834,2779,18.46,16.72,22,5.28,-3326,2779,-1,Millennial Exit,-554,463
53,Millennial,Transportation and Material Moving Occupations,2524305,2379228,-145077,-5.75,25.32,26,53-2031,Flight Attendants,15729,12403,-3326,-21.15,17.47,15,-2.47,-3326,2779,-1,Millennial Exit,-554,463
35,Millennial,Food Preparation and Serving Related Occupations,3638345,4283180,644835,17.72,31.84,35,35-9099,"Food Preparation and Serving Related Workers, All Other",10253,11193,940,9.17,23.95,27,3.05,940,523,2,Millennial Growth,157,87
35,Baby Boomer,Food Preparation and Serving Related Occupations,715561,858635,143074,19.99,6.26,7,35-9099,"Food Preparation and Serving Related Workers, All Other",3757,4280,523,13.92,8.78,10,1.22,940,523,2,Millennial Growth,157,87
51,Baby Boomer,Production Occupations,1461071,1531321,70250,4.81,14.43,17,51-3099,"Food Processing Workers, All Other",4486,5143,657,14.65,11.14,13,1.86,28,657,1,Millennial Exit,5,110
51,Millennial,Production Occupations,2484504,2167981,-316523,-12.74,24.53,24,51-3099,"Food Processing Workers, All Other",11350,11378,28,0.25,28.17,29,0.83,28,657,1,Millennial Exit,5,110
13,Millennial,Business and Financial Operations Occupations,1992479,1981010,-11469,-0.58,27.97,27,13-1131,Fundraisers,19032,20565,1533,8.05,26.76,29,2.24,1533,519,3,Millennial Growth,256,87
13,Baby Boomer,Business and Financial Operations Occupations,1099023,1225149,126126,11.48,15.43,17,13-1131,Fundraisers,11920,12439,519,4.35,16.76,17,0.24,1533,519,3,Millennial Growth,256,87
29,Baby Boomer,Healthcare Practitioners and Technical Occupations,1161066,1413668,252602,21.76,15.49,17,29-9092,Genetic Counselors,107,191,84,78.5,5.6,8,2.4,188,84,3,Millennial Growth,31,14
29,Millennial,Healthcare Practitioners and Technical Occupations,1944312,2157397,213085,10.96,25.94,27,29-9092,Genetic Counselors,873,1061,188,21.53,45.93,45,-0.93,188,84,3,Millennial Growth,31,14
45,Baby Boomer,"Farming, Fishing, and Forestry Occupations",116155,124627,8472,7.29,10.38,11,45-2041,"Graders and Sorters, Agricultural Products",9076,10402,1326,14.61,15.52,17,1.48,867,1326,1,Millennial Exit,145,221
45,Millennial,"Farming, Fishing, and Forestry Occupations",322034,337045,15011,4.66,28.77,30,45-2041,"Graders and Sorters, Agricultural Products",14204,15071,867,6.1,24.29,25,0.71,867,1326,1,Millennial Exit,145,221
51,Baby Boomer,Production Occupations,1461071,1531321,70250,4.81,14.43,17,51-4033,"Grinding, Lapping, Polishing, and Buffing Machine Tool Setters, Operators, and Tenders, Metal and Plastic",13301,13927,626,4.71,16.65,20,3.35,-2726,626,-4,Millennial Exit,-454,104
51,Millennial,Production Occupations,2484504,2167981,-316523,-12.74,24.53,24,51-4033,"Grinding, Lapping, Polishing, and Buffing Machine Tool Setters, Operators, and Tenders, Metal and Plastic",19748,17022,-2726,-13.8,24.72,24,-0.72,-2726,626,-4,Millennial Exit,-454,104
51,Baby Boomer,Production Occupations,1461071,1531321,70250,4.81,14.43,17,51-9198,Helpers--Production Workers,43900,46610,2710,6.17,9.01,11,1.99,-14501,2710,-5,Millennial Exit,-2417,452
51,Millennial,Production Occupations,2484504,2167981,-316523,-12.74,24.53,24,51-9198,Helpers--Production Workers,155382,140881,-14501,-9.33,31.88,32,0.12,-14501,2710,-5,Millennial Exit,-2417,452
27,Millennial,"Arts, Design, Entertainment, Sports, and Media Occupations",814043,788864,-25179,-3.09,30.31,30,27-3091,Interpreters and Translators,15093,19852,4759,31.53,27.33,28,0.67,4759,2443,2,Millennial Growth,793,407
27,Baby Boomer,"Arts, Design, Entertainment, Sports, and Media Occupations",355964,374103,18139,5.1,13.26,14,27-3091,Interpreters and Translators,8312,10755,2443,29.39,15.05,15,-0.05,4759,2443,2,Millennial Growth,793,407
43,Baby Boomer,Office and Administrative Support Occupations,3591385,3937939,346554,9.65,14.97,17,43-4131,Loan Interviewers and Clerks,18320,19280,960,5.24,7.8,10,2.2,-17783,960,-18,Millennial Exit,-2964,160
43,Millennial,Office and Administrative Support Occupations,6630203,6389681,-240522,-3.63,27.63,27,43-4131,Loan Interviewers and Clerks,100177,82394,-17783,-17.75,42.63,41,-1.63,-17783,960,-18,Millennial Exit,-2964,160
39,Millennial,Personal Care and Service Occupations,1451425,1654558,203133,14,27.7,29,39-3093,"Locker Room, Coatroom, and Dressing Room Attendants",4220,4940,720,17.06,20.89,24,3.11,720,384,2,Millennial Growth,120,64
39,Baby Boomer,Personal Care and Service Occupations,688295,808370,120075,17.45,13.14,14,39-3093,"Locker Room, Coatroom, and Dressing Room Attendants",2311,2695,384,16.62,11.44,13,1.56,720,384,2,Millennial Growth,120,64
53,Millennial,Transportation and Material Moving Occupations,2524305,2379228,-145077,-5.75,25.32,26,53-7063,Machine Feeders and Offbearers,37472,30049,-7423,-19.81,28.32,28,-0.32,-7423,-511,NULL,Shrinking,-1237,-85
53,Baby Boomer,Transportation and Material Moving Occupations,1374052,1505802,131750,9.59,13.78,16,53-7063,Machine Feeders and Offbearers,16552,16041,-511,-3.09,12.51,15,2.49,-7423,-511,NULL,Shrinking,-1237,-85
39,Millennial,Personal Care and Service Occupations,1451425,1654558,203133,14,27.7,29,39-5092,Manicurists and Pedicurists,32713,37195,4482,13.7,35.42,36,0.58,4482,1260,4,Millennial Growth,747,210
39,Baby Boomer,Personal Care and Service Occupations,688295,808370,120075,17.45,13.14,14,39-5092,Manicurists and Pedicurists,7984,9244,1260,15.78,8.65,9,0.35,4482,1260,4,Millennial Growth,747,210
11,Baby Boomer,Management Occupations,1465399,1506812,41413,2.83,17.5,19,11-2021,Marketing Managers,23287,27281,3994,17.15,12.52,14,1.48,-1296,3994,0,Millennial Exit,-216,666
11,Millennial,Management Occupations,1555952,1461670,-94282,-6.06,18.59,18,11-2021,Marketing Managers,47921,46625,-1296,-2.7,25.76,24,-1.76,-1296,3994,0,Millennial Exit,-216,666
21,Baby Boomer,Community and Social Service Occupations,419589,457468,37879,9.03,18.52,19,21-1013,Marriage and Family Therapists,6308,7833,1525,24.18,17.69,19,1.31,1758,1525,2,Millennial Growth,293,254
21,Millennial,Community and Social Service Occupations,571034,615626,44592,7.81,25.21,26,21-1013,Marriage and Family Therapists,10421,12179,1758,16.87,29.23,30,0.77,1758,1525,2,Millennial Growth,293,254
31,Baby Boomer,Healthcare Support Occupations,462450,584837,122387,26.46,12.23,14,31-9092,Medical Assistants,52100,66536,14436,27.71,9.84,11,1.16,27372,14436,2,Millennial Growth,4562,2406
31,Millennial,Healthcare Support Occupations,1225658,1416322,190664,15.56,32.41,33,31-9092,Medical Assistants,207801,235173,27372,13.17,39.25,41,1.75,27372,14436,2,Millennial Growth,4562,2406
19,Baby Boomer,"Life, Physical, and Social Science Occupations",189040,214879,25839,13.67,16.33,18,19-1022,Microbiologists,2246,2637,391,17.41,12.03,13,0.97,26,391,1,Millennial Exit,4,65
19,Millennial,"Life, Physical, and Social Science Occupations",312140,328219,16079,5.15,26.96,27,19-1022,Microbiologists,6661,6687,26,0.39,35.68,34,-1.68,26,391,1,Millennial Exit,4,65
53,Millennial,Transportation and Material Moving Occupations,2524305,2379228,-145077,-5.75,25.32,26,53-7111,Mine Shuttle Car Operators,836,991,155,18.54,29.18,32,2.82,155,115,2,Millennial Growth,26,19
53,Baby Boomer,Transportation and Material Moving Occupations,1374052,1505802,131750,9.59,13.78,16,53-7111,Mine Shuttle Car Operators,477,592,115,24.11,16.68,19,2.32,155,115,2,Millennial Growth,26,19
47,Baby Boomer,Construction and Extraction Occupations,853148,827748,-25400,-2.98,10.49,12,47-5049,"Mining Machine Operators, All Other",271,399,128,47.23,10.46,14,3.54,217,128,2,Millennial Growth,36,21
47,Millennial,Construction and Extraction Occupations,2494960,2016673,-478287,-19.17,30.68,29,47-5049,"Mining Machine Operators, All Other",768,985,217,28.26,29.63,34,4.37,217,128,2,Millennial Growth,36,21
51,Millennial,Production Occupations,2484504,2167981,-316523,-12.74,24.53,24,51-9023,"Mixing and Blending Machine Setters, Operators, and Tenders",33559,29903,-3656,-10.89,25.41,25,-0.41,-3656,1825,-2,Millennial Exit,-609,304
51,Baby Boomer,Production Occupations,1461071,1531321,70250,4.81,14.43,17,51-9023,"Mixing and Blending Machine Setters, Operators, and Tenders",16710,18535,1825,10.92,12.65,15,2.35,-3656,1825,-2,Millennial Exit,-609,304
51,Millennial,Production Occupations,2484504,2167981,-316523,-12.74,24.53,24,51-7031,"Model Makers, Wood",299,185,-114,-38.13,11.55,9,-2.55,-114,-35,NULL,Shrinking,-19,-6
51,Baby Boomer,Production Occupations,1461071,1531321,70250,4.81,14.43,17,51-7031,"Model Makers, Wood",474,439,-35,-7.38,18.33,21,2.67,-114,-35,NULL,Shrinking,-19,-6
17,Baby Boomer,Architecture and Engineering Occupations,422861,462564,39703,9.39,15.93,18,17-2161,Nuclear Engineers,4160,4949,789,18.97,19.7,22,2.3,625,789,1,Millennial Exit,104,132
17,Millennial,Architecture and Engineering Occupations,662470,593064,-69406,-10.48,24.96,24,17-2161,Nuclear Engineers,4123,4748,625,15.16,19.52,21,1.48,625,789,1,Millennial Exit,104,132
29,Baby Boomer,Healthcare Practitioners and Technical Occupations,1161066,1413668,252602,21.76,15.49,17,29-1171,Nurse Practitioners,17371,23246,5875,33.82,18.12,21,2.88,3014,5875,1,Millennial Exit,502,979
29,Millennial,Healthcare Practitioners and Technical Occupations,1944312,2157397,213085,10.96,25.94,27,29-1171,Nurse Practitioners,19338,22352,3014,15.59,20.18,20,-0.18,3014,5875,1,Millennial Exit,502,979
31,Baby Boomer,Healthcare Support Occupations,462450,584837,122387,26.46,12.23,14,31-1014,Nursing Assistants,185944,217969,32025,17.22,13.36,15,1.64,45076,32025,2,Millennial Growth,7513,5338
31,Millennial,Healthcare Support Occupations,1225658,1416322,190664,15.56,32.41,33,31-1014,Nursing Assistants,414237,459313,45076,10.88,29.75,31,1.25,45076,32025,2,Millennial Growth,7513,5338
29,Millennial,Healthcare Practitioners and Technical Occupations,1944312,2157397,213085,10.96,25.94,27,29-9012,Occupational Health and Safety Technicians,2599,2818,219,8.43,22.22,23,0.78,219,459,1,Millennial Exit,37,77
29,Baby Boomer,Healthcare Practitioners and Technical Occupations,1161066,1413668,252602,21.76,15.49,17,29-9012,Occupational Health and Safety Technicians,1843,2302,459,24.91,15.75,19,3.25,219,459,1,Millennial Exit,37,77
15,Millennial,Computer and Mathematical Occupations,1205652,1230220,24568,2.04,32.73,32,15-2031,Operations Research Analysts,17048,16934,-114,-0.67,23.93,23,-0.93,-114,2176,0,Millennial Exit,-19,363
15,Baby Boomer,Computer and Mathematical Occupations,372843,446730,73887,19.82,10.12,11,15-2031,Operations Research Analysts,11072,13248,2176,19.65,15.54,18,2.46,-114,2176,0,Millennial Exit,-19,363
33,Baby Boomer,Protective Service Occupations,549128,564740,15612,2.84,16.39,17,33-3051,Police and Sheriff's Patrol Officers,110468,109733,-735,-0.67,16.62,17,0.38,-300,-735,NULL,Shrinking,-50,-123
33,Millennial,Protective Service Occupations,799790,828819,29029,3.63,23.88,24,33-3051,Police and Sheriff's Patrol Officers,145854,145554,-300,-0.21,21.95,22,0.05,-300,-735,NULL,Shrinking,-50,-123
11,Millennial,Management Occupations,1555952,1461670,-94282,-6.06,18.59,18,11-9131,Postmasters and Mail Superintendents,2353,1641,-712,-30.26,8.2,7,-1.2,-712,-1572,NULL,Shrinking,-119,-262
11,Baby Boomer,Management Occupations,1465399,1506812,41413,2.83,17.5,19,11-9131,Postmasters and Mail Superintendents,7309,5737,-1572,-21.51,25.46,25,-0.46,-712,-1572,NULL,Shrinking,-119,-262
29,Millennial,Healthcare Practitioners and Technical Occupations,1944312,2157397,213085,10.96,25.94,27,29-1024,Prosthodontists,110,109,-1,-0.91,17.27,17,-0.27,-1,8,NULL,Millennial Exit,0,1
29,Baby Boomer,Healthcare Practitioners and Technical Occupations,1161066,1413668,252602,21.76,15.49,17,29-1024,Prosthodontists,181,189,8,4.42,28.39,30,1.61,-1,8,NULL,Millennial Exit,0,1
11,Baby Boomer,Management Occupations,1465399,1506812,41413,2.83,17.5,19,11-2031,Public Relations and Fundraising Managers,8551,9817,1266,14.81,15.39,17,1.61,335,1266,1,Millennial Exit,56,211
11,Millennial,Management Occupations,1555952,1461670,-94282,-6.06,18.59,18,11-2031,Public Relations and Fundraising Managers,12700,13035,335,2.64,22.86,23,0.14,335,1266,1,Millennial Exit,56,211
27,Millennial,"Arts, Design, Entertainment, Sports, and Media Occupations",814043,788864,-25179,-3.09,30.31,30,27-3031,Public Relations Specialists,77513,79882,2369,3.06,36.3,36,-0.3,2369,3999,1,Millennial Exit,395,667
27,Baby Boomer,"Arts, Design, Entertainment, Sports, and Media Occupations",355964,374103,18139,5.1,13.26,14,27-3031,Public Relations Specialists,26221,30220,3999,15.25,12.28,14,1.72,2369,3999,1,Millennial Exit,395,667
29,Baby Boomer,Healthcare Practitioners and Technical Occupations,1161066,1413668,252602,21.76,15.49,17,29-1124,Radiation Therapists,1261,1633,372,29.5,7.24,9,1.76,637,372,2,Millennial Growth,106,62
29,Millennial,Healthcare Practitioners and Technical Occupations,1944312,2157397,213085,10.96,25.94,27,29-1124,Radiation Therapists,5403,6040,637,11.79,31.03,33,1.97,637,372,2,Millennial Growth,106,62
49,Millennial,"Installation, Maintenance, and Repair Occupations",1453597,1378460,-75137,-5.17,24.53,24,49-2021,"Radio, Cellular, and Tower Equipment Installers and Repairs",5841,5185,-656,-11.23,32.53,29,-3.53,-656,450,-1,Millennial Exit,-109,75
49,Baby Boomer,"Installation, Maintenance, and Repair Occupations",865447,946602,81155,9.38,14.61,17,49-2021,"Radio, Cellular, and Tower Equipment Installers and Repairs",2097,2547,450,21.46,11.68,14,2.32,-656,450,-1,Millennial Exit,-109,75
53,Millennial,Transportation and Material Moving Occupations,2524305,2379228,-145077,-5.75,25.32,26,53-4021,"Railroad Brake, Signal, and Switch Operators",6090,6218,128,2.1,23.43,23,-0.43,128,60,3,Millennial Growth,21,10
53,Baby Boomer,Transportation and Material Moving Occupations,1374052,1505802,131750,9.59,13.78,16,53-4021,"Railroad Brake, Signal, and Switch Operators",7610,7670,60,0.79,29.28,29,-0.28,128,60,3,Millennial Growth,21,10
29,Millennial,Healthcare Practitioners and Technical Occupations,1944312,2157397,213085,10.96,25.94,27,29-1125,Recreational Therapists,5504,6112,608,11.05,29.2,31,1.8,608,311,2,Millennial Growth,101,52
29,Baby Boomer,Healthcare Practitioners and Technical Occupations,1161066,1413668,252602,21.76,15.49,17,29-1125,Recreational Therapists,2378,2689,311,13.08,12.62,14,1.38,608,311,2,Millennial Growth,101,52
21,Millennial,Community and Social Service Occupations,571034,615626,44592,7.81,25.21,26,21-1015,Rehabilitation Counselors,31582,34867,3285,10.4,28.6,30,1.4,3285,2633,2,Millennial Growth,548,439
21,Baby Boomer,Community and Social Service Occupations,419589,457468,37879,9.03,18.52,19,21-1015,Rehabilitation Counselors,20026,22659,2633,13.15,18.13,19,0.87,3285,2633,2,Millennial Growth,548,439
47,Baby Boomer,Construction and Extraction Occupations,853148,827748,-25400,-2.98,10.49,12,47-2171,Reinforcing Iron and Rebar Workers,1192,1154,-38,-3.19,5.29,7,1.71,-2576,-38,NULL,Shrinking,-429,-6
47,Millennial,Construction and Extraction Occupations,2494960,2016673,-478287,-19.17,30.68,29,47-2171,Reinforcing Iron and Rebar Workers,8505,5929,-2576,-30.29,37.72,36,-1.72,-2576,-38,NULL,Shrinking,-429,-6
49,Millennial,"Installation, Maintenance, and Repair Occupations",1453597,1378460,-75137,-5.17,24.53,24,49-9096,Riggers,5519,5178,-341,-6.18,33.63,33,-0.63,-341,225,-1,Millennial Exit,-57,38
49,Baby Boomer,"Installation, Maintenance, and Repair Occupations",865447,946602,81155,9.38,14.61,17,49-9096,Riggers,1630,1855,225,13.8,9.93,12,2.07,-341,225,-1,Millennial Exit,-57,38
47,Millennial,Construction and Extraction Occupations,2494960,2016673,-478287,-19.17,30.68,29,47-5061,"Roof Bolters, Mining",2105,2712,607,28.84,35.48,40,4.52,607,208,3,Millennial Growth,101,35
47,Baby Boomer,Construction and Extraction Occupations,853148,827748,-25400,-2.98,10.49,12,47-5061,"Roof Bolters, Mining",711,919,208,29.25,11.98,14,2.02,607,208,3,Millennial Growth,101,35
41,Baby Boomer,Sales and Related Occupations,2093226,2275446,182220,8.71,12.76,14,41-9031,Sales Engineers,11792,13335,1543,13.09,15.44,18,2.56,-1590,1543,-1,Millennial Exit,-265,257
41,Millennial,Sales and Related Occupations,4431037,4504482,73445,1.66,27.02,28,41-9031,Sales Engineers,15105,13515,-1590,-10.53,19.77,18,-1.77,-1590,1543,-1,Millennial Exit,-265,257
41,Millennial,Sales and Related Occupations,4431037,4504482,73445,1.66,27.02,28,41-4011,"Sales Representatives, Wholesale and Manufacturing, Technical and Scientific Products",101973,94012,-7961,-7.81,24.88,23,-1.88,-7961,9532,0,Millennial Exit,-1327,1589
41,Baby Boomer,Sales and Related Occupations,2093226,2275446,182220,8.71,12.76,14,41-4011,"Sales Representatives, Wholesale and Manufacturing, Technical and Scientific Products",58126,67658,9532,16.4,14.18,17,2.82,-7961,9532,0,Millennial Exit,-1327,1589
49,Baby Boomer,"Installation, Maintenance, and Repair Occupations",865447,946602,81155,9.38,14.61,17,49-2098,Security and Fire Alarm Systems Installers,6611,7377,766,11.59,11.04,12,0.96,1195,766,2,Millennial Growth,199,128
49,Millennial,"Installation, Maintenance, and Repair Occupations",1453597,1378460,-75137,-5.17,24.53,24,49-2098,Security and Fire Alarm Systems Installers,19314,20509,1195,6.19,32.24,34,1.76,1195,766,2,Millennial Growth,199,128
33,Baby Boomer,Protective Service Occupations,549128,564740,15612,2.84,16.39,17,33-9032,Security Guards,179742,196475,16733,9.31,16.51,17,0.49,28146,16733,2,Millennial Growth,4691,2789
33,Millennial,Protective Service Occupations,799790,828819,29029,3.63,23.88,24,33-9032,Security Guards,311558,339704,28146,9.03,28.61,30,1.39,28146,16733,2,Millennial Growth,4691,2789
51,Baby Boomer,Production Occupations,1461071,1531321,70250,4.81,14.43,17,51-6031,Sewing Machine Operators,41937,35898,-6039,-14.4,20.53,24,3.47,-9528,-6039,NULL,Shrinking,-1588,-1007
51,Millennial,Production Occupations,2484504,2167981,-316523,-12.74,24.53,24,51-6031,Sewing Machine Operators,34194,24666,-9528,-27.86,16.74,16,-0.74,-9528,-6039,NULL,Shrinking,-1588,-1007
39,Baby Boomer,Personal Care and Service Occupations,688295,808370,120075,17.45,13.14,14,39-5094,Skincare Specialists,3519,4157,638,18.13,7.96,8,0.04,2716,638,5,Millennial Growth,453,106
39,Millennial,Personal Care and Service Occupations,1451425,1654558,203133,14,27.7,29,39-5094,Skincare Specialists,16462,19178,2716,16.5,37.24,39,1.76,2716,638,5,Millennial Growth,453,106
25,Millennial,"Education, Training, and Library Occupations",2051515,2114982,63467,3.09,23.88,25,25-2051,"Special Education Teachers, Preschool",5642,6176,534,9.46,26.69,28,1.31,534,270,2,Millennial Growth,89,45
25,Baby Boomer,"Education, Training, and Library Occupations",1666597,1697604,31007,1.86,19.4,19,25-2051,"Special Education Teachers, Preschool",3459,3729,270,7.81,16.36,17,0.64,534,270,2,Millennial Growth,89,45
19,Baby Boomer,"Life, Physical, and Social Science Occupations",189040,214879,25839,13.67,16.33,18,19-3022,Survey Researchers,2054,2481,427,20.79,11.62,13,1.38,589,427,2,Millennial Growth,98,71
19,Millennial,"Life, Physical, and Social Science Occupations",312140,328219,16079,5.15,26.96,27,19-3022,Survey Researchers,7817,8406,589,7.53,44.23,44,-0.23,589,427,2,Millennial Growth,98,71
17,Baby Boomer,Architecture and Engineering Occupations,422861,462564,39703,9.39,15.93,18,17-3031,Surveying and Mapping Technicians,8492,8964,472,5.56,14.36,17,2.64,-3304,472,-6,Millennial Exit,-551,79
17,Millennial,Architecture and Engineering Occupations,662470,593064,-69406,-10.48,24.96,24,17-3031,Surveying and Mapping Technicians,17910,14606,-3304,-18.45,30.3,28,-2.3,-3304,472,-6,Millennial Exit,-551,79
17,Millennial,Architecture and Engineering Occupations,662470,593064,-69406,-10.48,24.96,24,17-1022,Surveyors,14533,12071,-2462,-16.94,30.04,28,-2.04,-2462,249,-9,Millennial Exit,-410,42
17,Baby Boomer,Architecture and Engineering Occupations,422861,462564,39703,9.39,15.93,18,17-1022,Surveyors,7664,7913,249,3.25,15.84,18,2.16,-2462,249,-9,Millennial Exit,-410,42
43,Baby Boomer,Office and Administrative Support Occupations,3591385,3937939,346554,9.65,14.97,17,43-2011,"Switchboard Operators, Including Answering Service",32163,30960,-1203,-3.74,21.37,24,2.63,-6262,-1203,NULL,Shrinking,-1044,-201
43,Millennial,Office and Administrative Support Occupations,6630203,6389681,-240522,-3.63,27.63,27,43-2011,"Switchboard Operators, Including Answering Service",37063,30801,-6262,-16.9,24.63,24,-0.63,-6262,-1203,NULL,Shrinking,-1044,-201
51,Baby Boomer,Production Occupations,1461071,1531321,70250,4.81,14.43,17,51-6052,"Tailors, Dressmakers, and Custom Sewers",15919,15117,-802,-5.04,27.8,29,1.2,-429,-802,NULL,Shrinking,-72,-134
51,Millennial,Production Occupations,2484504,2167981,-316523,-12.74,24.53,24,51-6052,"Tailors, Dressmakers, and Custom Sewers",4628,4199,-429,-9.27,8.08,8,-0.08,-429,-802,NULL,Shrinking,-72,-134
25,Millennial,"Education, Training, and Library Occupations",2051515,2114982,63467,3.09,23.88,25,25-9041,Teacher Assistants,282378,288522,6144,2.18,22.48,23,0.52,6144,3076,2,Millennial Growth,1024,513
25,Baby Boomer,"Education, Training, and Library Occupations",1666597,1697604,31007,1.86,19.4,19,25-9041,Teacher Assistants,243445,246521,3076,1.26,19.38,20,0.62,6144,3076,2,Millennial Growth,1024,513
51,Millennial,Production Occupations,2484504,2167981,-316523,-12.74,24.53,24,51-2092,Team Assemblers,337012,282772,-54240,-16.09,27.95,27,-0.95,-54240,3890,-13,Millennial Exit,-9040,648
51,Baby Boomer,Production Occupations,1461071,1531321,70250,4.81,14.43,17,51-2092,Team Assemblers,150148,154038,3890,2.59,12.45,15,2.55,-54240,3890,-13,Millennial Exit,-9040,648
49,Baby Boomer,"Installation, Maintenance, and Repair Occupations",865447,946602,81155,9.38,14.61,17,49-2022,"Telecommunications Equipment Installers and Repairers, Except Line Installers",33297,34365,1068,3.21,13.86,16,2.14,-11915,1068,-11,Millennial Exit,-1986,178
49,Millennial,"Installation, Maintenance, and Repair Occupations",1453597,1378460,-75137,-5.17,24.53,24,49-2022,"Telecommunications Equipment Installers and Repairers, Except Line Installers",68849,56934,-11915,-17.31,28.65,26,-2.65,-11915,1068,-11,Millennial Exit,-1986,178
51,Millennial,Production Occupations,2484504,2167981,-316523,-12.74,24.53,24,51-4194,"Tool Grinders, Filers, and Sharpeners",1881,1560,-321,-17.07,13.96,13,-0.96,-321,261,-1,Millennial Exit,-54,44
51,Baby Boomer,Production Occupations,1461071,1531321,70250,4.81,14.43,17,51-4194,"Tool Grinders, Filers, and Sharpeners",3546,3807,261,7.36,26.32,32,5.68,-321,261,-1,Millennial Exit,-54,44
51,Millennial,Production Occupations,2484504,2167981,-316523,-12.74,24.53,24,51-6093,Upholsterers,10603,8003,-2600,-24.52,21.5,20,-1.5,-2600,-748,NULL,Shrinking,-433,-125
51,Baby Boomer,Production Occupations,1461071,1531321,70250,4.81,14.43,17,51-6093,Upholsterers,8208,7460,-748,-9.11,16.64,19,2.36,-2600,-748,NULL,Shrinking,-433,-125
49,Millennial,"Installation, Maintenance, and Repair Occupations",1453597,1378460,-75137,-5.17,24.53,24,49-9064,Watch Repairers,482,413,-69,-14.32,7.23,8,0.77,-69,-192,NULL,Shrinking,-12,-32
49,Baby Boomer,"Installation, Maintenance, and Repair Occupations",865447,946602,81155,9.38,14.61,17,49-9064,Watch Repairers,1910,1718,-192,-10.05,28.66,30,1.34,-69,-192,NULL,Shrinking,-12,-32
13,Baby Boomer,Business and Financial Operations Occupations,1099023,1225149,126126,11.48,15.43,17,13-1022,"Wholesale and Retail Buyers, Except Farm Products",20057,22204,2147,10.7,15.71,18,2.29,-1046,2147,0,Millennial Exit,-174,358
13,Millennial,Business and Financial Operations Occupations,1992479,1981010,-11469,-0.58,27.97,27,13-1022,"Wholesale and Retail Buyers, Except Farm Products",33202,32156,-1046,-3.15,26,26,0,-1046,2147,0,Millennial Exit,-174,358
51,Baby Boomer,Production Occupations,1461071,1531321,70250,4.81,14.43,17,51-9191,Adhesive Bonding Machine Operators and Tenders,3173,3150,-23,-0.72,14.38,19,4.62,-1722,-23,NULL,Shrinking,-287,-4
51,Millennial,Production Occupations,2484504,2167981,-316523,-12.74,24.53,24,51-9191,Adhesive Bonding Machine Operators and Tenders,5780,4058,-1722,-29.79,26.2,24,-2.2,-1722,-23,NULL,Shrinking,-287,-4
23,Baby Boomer,Legal Occupations,214033,222448,8415,3.93,16.43,18,23-1021,"Administrative Law Judges, Adjudicators, and Hearing Officers",2498,2361,-137,-5.48,16.12,16,-0.12,-137,-137,NULL,Shrinking,-23,-23
23,Millennial,Legal Occupations,335642,320408,-15234,-4.54,25.76,26,23-1021,"Administrative Law Judges, Adjudicators, and Hearing Officers",3057,2920,-137,-4.48,19.73,20,0.27,-137,-137,NULL,Shrinking,-23,-23
41,Millennial,Sales and Related Occupations,4431037,4504482,73445,1.66,27.02,28,41-3011,Advertising Sales Agents,73164,63612,-9552,-13.06,34.38,34,-0.38,-9552,-795,NULL,Shrinking,-1592,-133
41,Baby Boomer,Sales and Related Occupations,2093226,2275446,182220,8.71,12.76,14,41-3011,Advertising Sales Agents,25493,24698,-795,-3.12,11.98,13,1.02,-9552,-795,NULL,Shrinking,-1592,-133
49,Baby Boomer,"Installation, Maintenance, and Repair Occupations",865447,946602,81155,9.38,14.61,17,49-3011,Aircraft Mechanics and Service Technicians,18583,21129,2546,13.7,14.69,17,2.31,-850,2546,0,Millennial Exit,-142,424
49,Millennial,"Installation, Maintenance, and Repair Occupations",1453597,1378460,-75137,-5.17,24.53,24,49-3011,Aircraft Mechanics and Service Technicians,24763,23913,-850,-3.43,19.58,20,0.42,-850,2546,0,Millennial Exit,-142,424
53,Millennial,Transportation and Material Moving Occupations,2524305,2379228,-145077,-5.75,25.32,26,53-3011,"Ambulance Drivers and Attendants, Except Emergency Medical Technicians",4354,5061,707,16.24,26.72,27,0.28,707,783,1,Millennial Exit,118,131
53,Baby Boomer,Transportation and Material Moving Occupations,1374052,1505802,131750,9.59,13.78,16,53-3011,"Ambulance Drivers and Attendants, Except Emergency Medical Technicians",2397,3180,783,32.67,14.71,17,2.29,707,783,1,Millennial Exit,118,131
19,Millennial,"Life, Physical, and Social Science Occupations",312140,328219,16079,5.15,26.96,27,19-1011,Animal Scientists,751,870,119,15.85,29.72,32,2.28,119,98,2,Millennial Growth,20,16
19,Baby Boomer,"Life, Physical, and Social Science Occupations",189040,214879,25839,13.67,16.33,18,19-1011,Animal Scientists,364,462,98,26.92,14.41,17,2.59,119,98,2,Millennial Growth,20,16
39,Millennial,Personal Care and Service Occupations,1451425,1654558,203133,14,27.7,29,39-6011,Baggage Porters and Bellhops,10842,11207,365,3.37,25.86,26,0.14,365,1052,1,Millennial Exit,61,175
39,Baby Boomer,Personal Care and Service Occupations,688295,808370,120075,17.45,13.14,14,39-6011,Baggage Porters and Bellhops,5996,7048,1052,17.55,14.3,16,1.7,365,1052,1,Millennial Exit,61,175
39,Baby Boomer,Personal Care and Service Occupations,688295,808370,120075,17.45,13.14,14,39-5011,Barbers,5430,5622,192,3.54,8.25,9,0.75,2032,192,11,Millennial Growth,339,32
39,Millennial,Personal Care and Service Occupations,1451425,1654558,203133,14,27.7,29,39-5011,Barbers,24741,26773,2032,8.21,37.59,40,2.41,2032,192,11,Millennial Growth,339,32
47,Millennial,Construction and Extraction Occupations,2494960,2016673,-478287,-19.17,30.68,29,47-2011,Boilermakers,5681,4775,-906,-15.95,27.02,26,-1.02,-906,214,-4,Millennial Exit,-151,36
47,Baby Boomer,Construction and Extraction Occupations,853148,827748,-25400,-2.98,10.49,12,47-2011,Boilermakers,2431,2645,214,8.8,11.56,14,2.44,-906,214,-4,Millennial Exit,-151,36
47,Baby Boomer,Construction and Extraction Occupations,853148,827748,-25400,-2.98,10.49,12,47-2021,Brickmasons and Blockmasons,13700,10355,-3345,-24.42,9.98,12,2.02,-17799,-3345,NULL,Shrinking,-2967,-558
47,Millennial,Construction and Extraction Occupations,2494960,2016673,-478287,-19.17,30.68,29,47-2021,Brickmasons and Blockmasons,43332,25533,-17799,-41.08,31.57,29,-2.57,-17799,-3345,NULL,Shrinking,-2967,-558
27,Millennial,"Arts, Design, Entertainment, Sports, and Media Occupations",814043,788864,-25179,-3.09,30.31,30,27-4012,Broadcast Technicians,11893,10247,-1646,-13.84,33.95,32,-1.95,-1646,689,-2,Millennial Exit,-274,115
27,Baby Boomer,"Arts, Design, Entertainment, Sports, and Media Occupations",355964,374103,18139,5.1,13.26,14,27-4012,Broadcast Technicians,3930,4619,689,17.53,11.22,14,2.78,-1646,689,-2,Millennial Exit,-274,115
37,Baby Boomer,Building and Grounds Cleaning and Maintenance Occupations,876401,966863,90462,10.32,15.1,16,37-2019,"Building Cleaning Workers, All Other",1915,2251,336,17.55,12.36,14,1.64,165,336,1,Millennial Exit,28,56
37,Millennial,Building and Grounds Cleaning and Maintenance Occupations,1333020,1386529,53509,4.01,22.97,23,37-2019,"Building Cleaning Workers, All Other",3380,3545,165,4.88,21.82,23,1.18,165,336,1,Millennial Exit,28,56
51,Millennial,Production Occupations,2484504,2167981,-316523,-12.74,24.53,24,51-7011,Cabinetmakers and Bench Carpenters,35909,22109,-13800,-38.43,26.78,24,-2.78,-13800,-1597,NULL,Shrinking,-2300,-266
51,Baby Boomer,Production Occupations,1461071,1531321,70250,4.81,14.43,17,51-7011,Cabinetmakers and Bench Carpenters,15316,13719,-1597,-10.43,11.42,15,3.58,-13800,-1597,NULL,Shrinking,-2300,-266
25,Millennial,"Education, Training, and Library Occupations",2051515,2114982,63467,3.09,23.88,25,25-2023,"Career/Technical Education Teachers, Middle School",3617,3501,-116,-3.21,19.41,20,0.59,-116,-149,NULL,Shrinking,-19,-25
25,Baby Boomer,"Education, Training, and Library Occupations",1666597,1697604,31007,1.86,19.4,19,25-2023,"Career/Technical Education Teachers, Middle School",3718,3569,-149,-4.01,19.95,20,0.05,-116,-149,NULL,Shrinking,-19,-25
47,Baby Boomer,Construction and Extraction Occupations,853148,827748,-25400,-2.98,10.49,12,47-2031,Carpenters,142147,127153,-14994,-10.55,10.71,12,1.29,-112211,-14994,NULL,Shrinking,-18702,-2499
47,Millennial,Construction and Extraction Occupations,2494960,2016673,-478287,-19.17,30.68,29,47-2031,Carpenters,401192,288981,-112211,-27.97,30.22,29,-1.22,-112211,-14994,NULL,Shrinking,-18702,-2499
29,Baby Boomer,Healthcare Practitioners and Technical Occupations,1161066,1413668,252602,21.76,15.49,17,29-1011,Chiropractors,5243,5352,109,2.08,10.74,12,1.26,-165,109,-1,Millennial Exit,-28,18
29,Millennial,Healthcare Practitioners and Technical Occupations,1944312,2157397,213085,10.96,25.94,27,29-1011,Chiropractors,12465,12300,-165,-1.32,25.53,27,1.47,-165,109,-1,Millennial Exit,-28,18
51,Millennial,Production Occupations,2484504,2167981,-316523,-12.74,24.53,24,51-9121,"Coating, Painting, and Spraying Machine Setters, Operators, and Tenders",29316,24638,-4678,-15.96,30.18,30,-0.18,-4678,408,-11,Millennial Exit,-780,68
51,Baby Boomer,Production Occupations,1461071,1531321,70250,4.81,14.43,17,51-9121,"Coating, Painting, and Spraying Machine Setters, Operators, and Tenders",9238,9646,408,4.42,9.51,12,2.49,-4678,408,-11,Millennial Exit,-780,68
27,Baby Boomer,"Arts, Design, Entertainment, Sports, and Media Occupations",355964,374103,18139,5.1,13.26,14,27-1021,Commercial and Industrial Designers,5669,5807,138,2.43,12.44,14,1.56,-1645,138,-11,Millennial Exit,-274,23
27,Millennial,"Arts, Design, Entertainment, Sports, and Media Occupations",814043,788864,-25179,-3.09,30.31,30,27-1021,Commercial and Industrial Designers,14158,12513,-1645,-11.62,31.07,31,-0.07,-1645,138,-11,Millennial Exit,-274,23
15,Millennial,Computer and Mathematical Occupations,1205652,1230220,24568,2.04,32.73,32,15-1199,"Computer Occupations, All Other",55357,55753,396,0.72,27.91,28,0.09,396,2174,1,Millennial Exit,66,362
15,Baby Boomer,Computer and Mathematical Occupations,372843,446730,73887,19.82,10.12,11,15-1199,"Computer Occupations, All Other",26900,29074,2174,8.08,13.56,14,0.44,396,2174,1,Millennial Exit,66,362
47,Baby Boomer,Construction and Extraction Occupations,853148,827748,-25400,-2.98,10.49,12,47-4011,Construction and Building Inspectors,20444,21098,654,3.2,19.42,21,1.58,-1589,654,-2,Millennial Exit,-265,109
47,Millennial,Construction and Extraction Occupations,2494960,2016673,-478287,-19.17,30.68,29,47-4011,Construction and Building Inspectors,19731,18142,-1589,-8.05,18.74,18,-0.74,-1589,654,-2,Millennial Exit,-265,109
47,Millennial,Construction and Extraction Occupations,2494960,2016673,-478287,-19.17,30.68,29,47-2061,Construction Laborers,466606,393332,-73274,-15.7,33.02,32,-1.02,-73274,4165,-17,Millennial Exit,-12212,694
47,Baby Boomer,Construction and Extraction Occupations,853148,827748,-25400,-2.98,10.49,12,47-2061,Construction Laborers,123393,127558,4165,3.38,8.73,10,1.27,-73274,4165,-17,Millennial Exit,-12212,694
29,Baby Boomer,Healthcare Practitioners and Technical Occupations,1161066,1413668,252602,21.76,15.49,17,29-1021,"Dentists, General",28581,28675,94,0.33,20.92,22,1.08,-857,94,-8,Millennial Exit,-143,16
29,Millennial,Healthcare Practitioners and Technical Occupations,1944312,2157397,213085,10.96,25.94,27,29-1021,"Dentists, General",26841,25984,-857,-3.19,19.65,20,0.35,-857,94,-8,Millennial Exit,-143,16
29,Baby Boomer,Healthcare Practitioners and Technical Occupations,1161066,1413668,252602,21.76,15.49,17,29-2032,Diagnostic Medical Sonographers,5966,8563,2597,43.53,11.9,14,2.1,3396,2597,2,Millennial Growth,566,433
29,Millennial,Healthcare Practitioners and Technical Occupations,1944312,2157397,213085,10.96,25.94,27,29-2032,Diagnostic Medical Sonographers,14814,18210,3396,22.92,29.55,30,0.45,3396,2597,2,Millennial Growth,566,433
29,Millennial,Healthcare Practitioners and Technical Occupations,1944312,2157397,213085,10.96,25.94,27,29-1031,Dietitians and Nutritionists,15899,17438,1539,9.68,26.26,26,-0.26,1539,1981,1,Millennial Exit,257,330
29,Baby Boomer,Healthcare Practitioners and Technical Occupations,1161066,1413668,252602,21.76,15.49,17,29-1031,Dietitians and Nutritionists,9268,11249,1981,21.37,15.31,17,1.69,1539,1981,1,Millennial Exit,257,330
43,Baby Boomer,Office and Administrative Support Occupations,3591385,3937939,346554,9.65,14.97,17,43-5032,"Dispatchers, Except Police, Fire, and Ambulance",27816,31961,4145,14.9,13.78,16,2.22,-3990,4145,0,Millennial Exit,-665,691
43,Millennial,Office and Administrative Support Occupations,6630203,6389681,-240522,-3.63,27.63,27,43-5032,"Dispatchers, Except Police, Fire, and Ambulance",58739,54749,-3990,-6.79,29.1,28,-1.1,-3990,4145,0,Millennial Exit,-665,691
19,Millennial,"Life, Physical, and Social Science Occupations",312140,328219,16079,5.15,26.96,27,19-3011,Economists,4426,4685,259,5.85,26.83,28,1.17,259,233,2,Millennial Growth,43,39
19,Baby Boomer,"Life, Physical, and Social Science Occupations",189040,214879,25839,13.67,16.33,18,19-3011,Economists,2197,2430,233,10.61,13.32,14,0.68,259,233,2,Millennial Growth,43,39
51,Baby Boomer,Production Occupations,1461071,1531321,70250,4.81,14.43,17,51-9194,Etchers and Engravers,1572,1540,-32,-2.04,13.97,17,3.03,-153,-32,NULL,Shrinking,-26,-5
51,Millennial,Production Occupations,2484504,2167981,-316523,-12.74,24.53,24,51-9194,Etchers and Engravers,2008,1855,-153,-7.62,17.84,20,2.16,-153,-32,NULL,Shrinking,-26,-5
45,Baby Boomer,"Farming, Fishing, and Forestry Occupations",116155,124627,8472,7.29,10.38,11,45-4021,Fallers,1461,1305,-156,-10.68,12.9,15,2.1,-786,-156,NULL,Shrinking,-131,-26
45,Millennial,"Farming, Fishing, and Forestry Occupations",322034,337045,15011,4.66,28.77,30,45-4021,Fallers,2849,2063,-786,-27.59,25.15,23,-2.15,-786,-156,NULL,Shrinking,-131,-26
51,Millennial,Production Occupations,2484504,2167981,-316523,-12.74,24.53,24,51-2091,Fiberglass Laminators and Fabricators,6637,4898,-1739,-26.2,28.39,27,-1.39,-1739,82,-20,Millennial Exit,-290,14
51,Baby Boomer,Production Occupations,1461071,1531321,70250,4.81,14.43,17,51-2091,Fiberglass Laminators and Fabricators,2490,2572,82,3.29,10.65,14,3.35,-1739,82,-20,Millennial Exit,-290,14
13,Baby Boomer,Business and Financial Operations Occupations,1099023,1225149,126126,11.48,15.43,17,13-2099,"Financial Specialists, All Other",21962,24002,2040,9.29,13.97,15,1.03,-1538,2040,0,Millennial Exit,-256,340
13,Millennial,Business and Financial Operations Occupations,1992479,1981010,-11469,-0.58,27.97,27,13-2099,"Financial Specialists, All Other",44132,42594,-1538,-3.48,28.06,28,-0.06,-1538,2040,0,Millennial Exit,-256,340
33,Baby Boomer,Protective Service Occupations,549128,564740,15612,2.84,16.39,17,33-2021,Fire Inspectors and Investigators,1766,1739,-27,-1.53,14.55,15,0.45,-35,-27,NULL,Shrinking,-6,-5
33,Millennial,Protective Service Occupations,799790,828819,29029,3.63,23.88,24,33-2021,Fire Inspectors and Investigators,2157,2122,-35,-1.62,17.76,18,0.24,-35,-27,NULL,Shrinking,-6,-5
33,Millennial,Protective Service Occupations,799790,828819,29029,3.63,23.88,24,33-2011,Firefighters,66475,65885,-590,-0.89,21.86,22,0.14,-590,-166,NULL,Shrinking,-98,-28
33,Baby Boomer,Protective Service Occupations,549128,564740,15612,2.84,16.39,17,33-2011,Firefighters,50956,50790,-166,-0.33,16.76,17,0.24,-590,-166,NULL,Shrinking,-98,-28
35,Millennial,Food Preparation and Serving Related Occupations,3638345,4283180,644835,17.72,31.84,35,35-1012,First-Line Supervisors of Food Preparation and Serving Workers,300182,339499,39317,13.1,36.55,40,3.45,39317,7037,6,Millennial Growth,6553,1173
35,Baby Boomer,Food Preparation and Serving Related Occupations,715561,858635,143074,19.99,6.26,7,35-1012,First-Line Supervisors of Food Preparation and Serving Workers,64715,71752,7037,10.87,7.88,8,0.12,39317,7037,6,Millennial Growth,6553,1173
49,Baby Boomer,"Installation, Maintenance, and Repair Occupations",865447,946602,81155,9.38,14.61,17,49-1011,"First-Line Supervisors of Mechanics, Installers, and Repairers",85107,91660,6553,7.7,18.5,21,2.5,-4960,6553,0,Millennial Exit,-827,1092
49,Millennial,"Installation, Maintenance, and Repair Occupations",1453597,1378460,-75137,-5.17,24.53,24,49-1011,"First-Line Supervisors of Mechanics, Installers, and Repairers",71575,66615,-4960,-6.93,15.56,15,-0.56,-4960,6553,0,Millennial Exit,-827,1092
41,Millennial,Sales and Related Occupations,4431037,4504482,73445,1.66,27.02,28,41-1012,First-Line Supervisors of Non-Retail Sales Workers,71112,62753,-8359,-11.75,18.2,18,-0.2,-8359,-1748,NULL,Shrinking,-1393,-291
41,Baby Boomer,Sales and Related Occupations,2093226,2275446,182220,8.71,12.76,14,41-1012,First-Line Supervisors of Non-Retail Sales Workers,68509,66761,-1748,-2.55,17.53,19,1.47,-8359,-1748,NULL,Shrinking,-1393,-291
47,Baby Boomer,Construction and Extraction Occupations,853148,827748,-25400,-2.98,10.49,12,47-2042,"Floor Layers, Except Carpet, Wood, and Hard Tiles",2171,1779,-392,-18.06,7.19,8,0.81,-2944,-392,NULL,Shrinking,-491,-65
47,Millennial,Construction and Extraction Occupations,2494960,2016673,-478287,-19.17,30.68,29,47-2042,"Floor Layers, Except Carpet, Wood, and Hard Tiles",10491,7547,-2944,-28.06,34.76,34,-0.76,-2944,-392,NULL,Shrinking,-491,-65
35,Millennial,Food Preparation and Serving Related Occupations,3638345,4283180,644835,17.72,31.84,35,35-2021,Food Preparation Workers,212898,253973,41075,19.29,27.08,30,2.92,41075,12732,4,Millennial Growth,6846,2122
35,Baby Boomer,Food Preparation and Serving Related Occupations,715561,858635,143074,19.99,6.26,7,35-2021,Food Preparation Workers,67475,80207,12732,18.87,8.58,10,1.42,41075,12732,4,Millennial Growth,6846,2122
35,Millennial,Food Preparation and Serving Related Occupations,3638345,4283180,644835,17.72,31.84,35,35-3041,"Food Servers, Nonrestaurant",54680,63363,8683,15.88,23.96,26,2.04,8683,5786,2,Millennial Growth,1447,964
35,Baby Boomer,Food Preparation and Serving Related Occupations,715561,858635,143074,19.99,6.26,7,35-3041,"Food Servers, Nonrestaurant",24732,30518,5786,23.39,10.84,12,1.16,8683,5786,2,Millennial Growth,1447,964
45,Baby Boomer,"Farming, Fishing, and Forestry Occupations",116155,124627,8472,7.29,10.38,11,45-4011,Forest and Conservation Workers,1904,2097,193,10.14,12.52,14,1.48,-199,193,-1,Millennial Exit,-33,32
45,Millennial,"Farming, Fishing, and Forestry Occupations",322034,337045,15011,4.66,28.77,30,45-4011,Forest and Conservation Workers,4711,4512,-199,-4.22,30.98,30,-0.98,-199,193,-1,Millennial Exit,-33,32
33,Baby Boomer,Protective Service Occupations,549128,564740,15612,2.84,16.39,17,33-2022,Forest Fire Inspectors and Prevention Specialists,223,206,-17,-7.62,9.68,9,-0.68,-13,-17,NULL,Shrinking,-2,-3
33,Millennial,Protective Service Occupations,799790,828819,29029,3.63,23.88,24,33-2022,Forest Fire Inspectors and Prevention Specialists,270,257,-13,-4.81,11.71,12,0.29,-13,-17,NULL,Shrinking,-2,-3
39,Baby Boomer,Personal Care and Service Occupations,688295,808370,120075,17.45,13.14,14,39-1011,Gaming Supervisors,5029,5159,130,2.59,16.66,18,1.34,-422,130,-3,Millennial Exit,-70,22
39,Millennial,Personal Care and Service Occupations,1451425,1654558,203133,14,27.7,29,39-1011,Gaming Supervisors,6058,5636,-422,-6.97,20.07,20,-0.07,-422,130,-3,Millennial Exit,-70,22
37,Millennial,Building and Grounds Cleaning and Maintenance Occupations,1333020,1386529,53509,4.01,22.97,23,37-3019,"Grounds Maintenance Workers, All Other",5093,5371,278,5.46,24.87,25,0.13,278,244,2,Millennial Growth,46,41
37,Baby Boomer,Building and Grounds Cleaning and Maintenance Occupations,876401,966863,90462,10.32,15.1,16,37-3019,"Grounds Maintenance Workers, All Other",2557,2801,244,9.54,12.49,13,0.51,278,244,2,Millennial Growth,46,41
49,Baby Boomer,"Installation, Maintenance, and Repair Occupations",865447,946602,81155,9.38,14.61,17,49-9098,"Helpers--Installation, Maintenance, and Repair Workers",12015,14230,2215,18.44,8.66,11,2.34,-933,2215,0,Millennial Exit,-156,369
49,Millennial,"Installation, Maintenance, and Repair Occupations",1453597,1378460,-75137,-5.17,24.53,24,49-9098,"Helpers--Installation, Maintenance, and Repair Workers",42451,41518,-933,-2.2,30.6,31,0.4,-933,2215,0,Millennial Exit,-156,369
13,Baby Boomer,Business and Financial Operations Occupations,1099023,1225149,126126,11.48,15.43,17,13-1071,Human Resources Specialists,58629,67034,8405,14.34,14.12,16,1.88,3786,8405,1,Millennial Exit,631,1401
13,Millennial,Business and Financial Operations Occupations,1992479,1981010,-11469,-0.58,27.97,27,13-1071,Human Resources Specialists,128036,131822,3786,2.96,30.83,31,0.17,3786,8405,1,Millennial Exit,631,1401
19,Baby Boomer,"Life, Physical, and Social Science Occupations",189040,214879,25839,13.67,16.33,18,19-2043,Hydrologists,935,1091,156,16.68,13.49,15,1.51,140,156,1,Millennial Exit,23,26
19,Millennial,"Life, Physical, and Social Science Occupations",312140,328219,16079,5.15,26.96,27,19-2043,Hydrologists,2071,2211,140,6.76,29.89,29,-0.89,140,156,1,Millennial Exit,23,26
47,Baby Boomer,Construction and Extraction Occupations,853148,827748,-25400,-2.98,10.49,12,47-2131,"Insulation Workers, Floor, Ceiling, and Wall",2639,2213,-426,-16.14,6.71,9,2.29,-5152,-426,NULL,Shrinking,-859,-71
47,Millennial,Construction and Extraction Occupations,2494960,2016673,-478287,-19.17,30.68,29,47-2131,"Insulation Workers, Floor, Ceiling, and Wall",13624,8472,-5152,-37.82,34.65,33,-1.65,-5152,-426,NULL,Shrinking,-859,-71
47,Millennial,Construction and Extraction Occupations,2494960,2016673,-478287,-19.17,30.68,29,47-2132,"Insulation Workers, Mechanical",14060,12218,-1842,-13.1,38.93,38,-0.93,-1842,257,-7,Millennial Exit,-307,43
47,Baby Boomer,Construction and Extraction Occupations,853148,827748,-25400,-2.98,10.49,12,47-2132,"Insulation Workers, Mechanical",2188,2445,257,11.75,6.06,8,1.94,-1842,257,-7,Millennial Exit,-307,43
37,Baby Boomer,Building and Grounds Cleaning and Maintenance Occupations,876401,966863,90462,10.32,15.1,16,37-2011,"Janitors and Cleaners, Except Maids and Housekeeping Cleaners",419800,463531,43731,10.42,17,18,1,23880,43731,1,Millennial Exit,3980,7289
37,Millennial,Building and Grounds Cleaning and Maintenance Occupations,1333020,1386529,53509,4.01,22.97,23,37-2011,"Janitors and Cleaners, Except Maids and Housekeeping Cleaners",524401,548281,23880,4.55,21.23,22,0.77,23880,43731,1,Millennial Exit,3980,7289
51,Baby Boomer,Production Occupations,1461071,1531321,70250,4.81,14.43,17,51-6011,Laundry and Dry-Cleaning Workers,37008,39893,2885,7.8,15.98,18,2.02,-2643,2885,0,Millennial Exit,-441,481
51,Millennial,Production Occupations,2484504,2167981,-316523,-12.74,24.53,24,51-6011,Laundry and Dry-Cleaning Workers,50686,48043,-2643,-5.21,21.88,22,0.12,-2643,2885,0,Millennial Exit,-441,481
43,Millennial,Office and Administrative Support Occupations,6630203,6389681,-240522,-3.63,27.63,27,43-6012,Legal Secretaries,55141,48546,-6595,-11.96,23.63,22,-1.63,-6595,4499,-1,Millennial Exit,-1099,750
43,Baby Boomer,Office and Administrative Support Occupations,3591385,3937939,346554,9.65,14.97,17,43-6012,Legal Secretaries,43362,47861,4499,10.38,18.58,22,3.42,-6595,4499,-1,Millennial Exit,-1099,750
53,Baby Boomer,Transportation and Material Moving Occupations,1374052,1505802,131750,9.59,13.78,16,53-4011,Locomotive Engineers,11568,12098,530,4.58,30.11,30,-0.11,298,530,1,Millennial Exit,50,88
53,Millennial,Transportation and Material Moving Occupations,2524305,2379228,-145077,-5.75,25.32,26,53-4011,Locomotive Engineers,6074,6372,298,4.91,15.81,16,0.19,298,530,1,Millennial Exit,50,88
11,Baby Boomer,Management Occupations,1465399,1506812,41413,2.83,17.5,19,11-9081,Lodging Managers,9570,7617,-1953,-20.41,19.57,18,-1.57,157,-1953,0,Millennial Growth,26,-326
11,Millennial,Management Occupations,1555952,1461670,-94282,-6.06,18.59,18,11-9081,Lodging Managers,9897,10054,157,1.59,20.24,25,4.76,157,-1953,0,Millennial Growth,26,-326
51,Baby Boomer,Production Occupations,1461071,1531321,70250,4.81,14.43,17,51-4041,Machinists,76089,84725,8636,11.35,18.07,21,2.93,-4430,8636,0,Millennial Exit,-738,1439
51,Millennial,Production Occupations,2484504,2167981,-316523,-12.74,24.53,24,51-4041,Machinists,79691,75261,-4430,-5.56,18.92,18,-0.92,-4430,8636,0,Millennial Exit,-738,1439
17,Baby Boomer,Architecture and Engineering Occupations,422861,462564,39703,9.39,15.93,18,17-2121,Marine Engineers and Naval Architects,1665,1968,303,18.2,21.72,25,3.28,57,303,1,Millennial Exit,10,51
17,Millennial,Architecture and Engineering Occupations,662470,593064,-69406,-10.48,24.96,24,17-2121,Marine Engineers and Naval Architects,1853,1910,57,3.08,24.19,24,-0.19,57,303,1,Millennial Exit,10,51
17,Millennial,Architecture and Engineering Occupations,662470,593064,-69406,-10.48,24.96,24,17-3027,Mechanical Engineering Technicians,10749,9416,-1333,-12.4,20.7,20,-0.7,-1333,710,-1,Millennial Exit,-222,118
17,Baby Boomer,Architecture and Engineering Occupations,422861,462564,39703,9.39,15.93,18,17-3027,Mechanical Engineering Technicians,8549,9259,710,8.31,16.47,19,2.53,-1333,710,-1,Millennial Exit,-222,118
17,Millennial,Architecture and Engineering Occupations,662470,593064,-69406,-10.48,24.96,24,17-2141,Mechanical Engineers,69276,63971,-5305,-7.66,25.31,24,-1.31,-5305,4664,-1,Millennial Exit,-884,777
17,Baby Boomer,Architecture and Engineering Occupations,422861,462564,39703,9.39,15.93,18,17-2141,Mechanical Engineers,41432,46096,4664,11.26,15.14,18,2.86,-5305,4664,-1,Millennial Exit,-884,777
27,Millennial,"Arts, Design, Entertainment, Sports, and Media Occupations",814043,788864,-25179,-3.09,30.31,30,27-3099,"Media and Communication Workers, All Other",8619,8599,-20,-0.23,28.32,28,-0.32,-20,682,0,Millennial Exit,-3,114
27,Baby Boomer,"Arts, Design, Entertainment, Sports, and Media Occupations",355964,374103,18139,5.1,13.26,14,27-3099,"Media and Communication Workers, All Other",4324,5006,682,15.77,14.21,16,1.79,-20,682,0,Millennial Exit,-3,114
11,Baby Boomer,Management Occupations,1465399,1506812,41413,2.83,17.5,19,11-9111,Medical and Health Services Managers,55323,67690,12367,22.35,19.23,22,2.77,4641,12367,1,Millennial Exit,774,2061
11,Millennial,Management Occupations,1555952,1461670,-94282,-6.06,18.59,18,11-9111,Medical and Health Services Managers,50304,54945,4641,9.23,17.48,18,0.52,4641,12367,1,Millennial Exit,774,2061
51,Millennial,Production Occupations,2484504,2167981,-316523,-12.74,24.53,24,51-4061,"Model Makers, Metal and Plastic",387,301,-86,-22.22,5.68,5,-0.68,-86,64,-1,Millennial Exit,-14,11
51,Baby Boomer,Production Occupations,1461071,1531321,70250,4.81,14.43,17,51-4061,"Model Makers, Metal and Plastic",1647,1711,64,3.89,24.17,29,4.83,-86,64,-1,Millennial Exit,-14,11
25,Millennial,"Education, Training, and Library Occupations",2051515,2114982,63467,3.09,23.88,25,25-4013,Museum Technicians and Conservators,2477,2661,184,7.43,24.26,26,1.74,184,188,1,NULL,31,31
25,Baby Boomer,"Education, Training, and Library Occupations",1666597,1697604,31007,1.86,19.4,19,25-4013,Museum Technicians and Conservators,2016,2204,188,9.33,19.75,21,1.25,184,188,1,NULL,31,31
27,Baby Boomer,"Arts, Design, Entertainment, Sports, and Media Occupations",355964,374103,18139,5.1,13.26,14,27-2042,Musicians and Singers,28773,30177,1404,4.88,15.73,17,1.27,-119,1404,0,Millennial Exit,-20,234
27,Millennial,"Arts, Design, Entertainment, Sports, and Media Occupations",814043,788864,-25179,-3.09,30.31,30,27-2042,Musicians and Singers,40956,40837,-119,-0.29,22.39,22,-0.39,-119,1404,0,Millennial Exit,-20,234
15,Baby Boomer,Computer and Mathematical Occupations,372843,446730,73887,19.82,10.12,11,15-1142,Network and Computer Systems Administrators,32864,39255,6391,19.45,9.39,11,1.61,4554,6391,1,Millennial Exit,759,1065
15,Millennial,Computer and Mathematical Occupations,1205652,1230220,24568,2.04,32.73,32,15-1142,Network and Computer Systems Administrators,117067,121621,4554,3.89,33.45,33,-0.45,4554,6391,1,Millennial Exit,759,1065
29,Baby Boomer,Healthcare Practitioners and Technical Occupations,1161066,1413668,252602,21.76,15.49,17,29-2033,Nuclear Medicine Technologists,2169,2796,627,28.91,11.04,13,1.96,553,627,1,Millennial Exit,92,105
29,Millennial,Healthcare Practitioners and Technical Occupations,1944312,2157397,213085,10.96,25.94,27,29-2033,Nuclear Medicine Technologists,5767,6320,553,9.59,29.34,30,0.66,553,627,1,Millennial Exit,92,105
31,Baby Boomer,Healthcare Support Occupations,462450,584837,122387,26.46,12.23,14,31-2012,Occupational Therapy Aides,540,724,184,34.07,7.18,8,0.82,618,184,4,Millennial Growth,103,31
31,Millennial,Healthcare Support Occupations,1225658,1416322,190664,15.56,32.41,33,31-2012,Occupational Therapy Aides,2917,3535,618,21.19,38.77,41,2.23,618,184,4,Millennial Growth,103,31
47,Baby Boomer,Construction and Extraction Occupations,853148,827748,-25400,-2.98,10.49,12,47-2073,Operating Engineers and Other Construction Equipment Operators,63129,63740,611,0.97,15.28,17,1.72,-12133,611,-19,Millennial Exit,-2022,102
47,Millennial,Construction and Extraction Occupations,2494960,2016673,-478287,-19.17,30.68,29,47-2073,Operating Engineers and Other Construction Equipment Operators,97333,85200,-12133,-12.47,23.57,23,-0.57,-12133,611,-19,Millennial Exit,-2022,102
29,Baby Boomer,Healthcare Practitioners and Technical Occupations,1161066,1413668,252602,21.76,15.49,17,29-1022,Oral and Maxillofacial Surgeons,1919,1984,65,3.39,26.38,28,1.62,11,65,1,Millennial Exit,2,11
29,Millennial,Healthcare Practitioners and Technical Occupations,1944312,2157397,213085,10.96,25.94,27,29-1022,Oral and Maxillofacial Surgeons,1349,1360,11,0.82,18.55,19,0.45,11,65,1,Millennial Exit,2,11
51,Baby Boomer,Production Occupations,1461071,1531321,70250,4.81,14.43,17,51-7032,"Patternmakers, Wood",255,258,3,1.18,19.43,24,4.57,NULL,3,NULL,Millennial Exit,NULL,1
39,Baby Boomer,Personal Care and Service Occupations,688295,808370,120075,17.45,13.14,14,39-9021,Personal Care Aides,180948,259779,78831,43.57,18.61,20,1.39,98461,78831,2,Millennial Growth,16410,13139
39,Millennial,Personal Care and Service Occupations,1451425,1654558,203133,14,27.7,29,39-9021,Personal Care Aides,224837,323298,98461,43.79,23.12,24,0.88,98461,78831,2,Millennial Growth,16410,13139
51,Baby Boomer,Production Occupations,1461071,1531321,70250,4.81,14.43,17,51-8099,"Plant and System Operators, All Other",1987,2370,383,19.28,16.4,20,3.6,-117,383,0,Millennial Exit,-20,64
51,Millennial,Production Occupations,2484504,2167981,-316523,-12.74,24.53,24,51-8099,"Plant and System Operators, All Other",2116,1999,-117,-5.53,17.46,17,-0.46,-117,383,0,Millennial Exit,-20,64
51,Millennial,Production Occupations,2484504,2167981,-316523,-12.74,24.53,24,51-4193,"Plating and Coating Machine Setters, Operators, and Tenders, Metal and Plastic",8716,7798,-918,-10.53,22.45,23,0.55,-918,435,-2,Millennial Exit,-153,73
51,Baby Boomer,Production Occupations,1461071,1531321,70250,4.81,14.43,17,51-4193,"Plating and Coating Machine Setters, Operators, and Tenders, Metal and Plastic",4840,5275,435,8.99,12.47,15,2.53,-918,435,-2,Millennial Exit,-153,73
43,Baby Boomer,Office and Administrative Support Occupations,3591385,3937939,346554,9.65,14.97,17,43-5051,Postal Service Clerks,21519,15297,-6222,-28.91,24.23,24,-0.23,-3182,-6222,NULL,Shrinking,-530,-1037
43,Millennial,Office and Administrative Support Occupations,6630203,6389681,-240522,-3.63,27.63,27,43-5051,Postal Service Clerks,9782,6600,-3182,-32.53,11.01,10,-1.01,-3182,-6222,NULL,Shrinking,-530,-1037
43,Millennial,Office and Administrative Support Occupations,6630203,6389681,-240522,-3.63,27.63,27,43-5052,Postal Service Mail Carriers,41596,34236,-7360,-17.69,11.98,12,0.02,-7360,-13858,NULL,Shrinking,-1227,-2310
43,Baby Boomer,Office and Administrative Support Occupations,3591385,3937939,346554,9.65,14.97,17,43-5052,Postal Service Mail Carriers,82587,68729,-13858,-16.78,23.79,24,0.21,-7360,-13858,NULL,Shrinking,-1227,-2310
25,Baby Boomer,"Education, Training, and Library Occupations",1666597,1697604,31007,1.86,19.4,19,25-1099,Postsecondary Teachers,245240,263322,18082,7.37,17.96,18,0.04,23710,18082,2,Millennial Growth,3952,3014
25,Millennial,"Education, Training, and Library Occupations",2051515,2114982,63467,3.09,23.88,25,25-1099,Postsecondary Teachers,358505,382215,23710,6.61,26.25,27,0.75,23710,18082,2,Millennial Growth,3952,3014
51,Millennial,Production Occupations,2484504,2167981,-316523,-12.74,24.53,24,51-8013,Power Plant Operators,5126,5777,651,12.7,12.55,14,1.45,651,1366,1,Millennial Exit,109,228
51,Baby Boomer,Production Occupations,1461071,1531321,70250,4.81,14.43,17,51-8013,Power Plant Operators,7821,9187,1366,17.47,19.14,23,3.86,651,1366,1,Millennial Exit,109,228
27,Baby Boomer,"Arts, Design, Entertainment, Sports, and Media Occupations",355964,374103,18139,5.1,13.26,14,27-2012,Producers and Directors,10585,11918,1333,12.59,9.68,11,1.32,-636,1333,0,Millennial Exit,-106,222
27,Millennial,"Arts, Design, Entertainment, Sports, and Media Occupations",814043,788864,-25179,-3.09,30.31,30,27-2012,Producers and Directors,37724,37088,-636,-1.69,34.49,34,-0.49,-636,1333,0,Millennial Exit,-106,222
29,Millennial,Healthcare Practitioners and Technical Occupations,1944312,2157397,213085,10.96,25.94,27,29-2053,Psychiatric Technicians,20795,21653,858,4.13,30.05,31,0.95,858,273,4,Millennial Growth,143,46
29,Baby Boomer,Healthcare Practitioners and Technical Occupations,1161066,1413668,252602,21.76,15.49,17,29-2053,Psychiatric Technicians,10089,10362,273,2.71,14.58,15,0.42,858,273,4,Millennial Growth,143,46
27,Millennial,"Arts, Design, Entertainment, Sports, and Media Occupations",814043,788864,-25179,-3.09,30.31,30,27-3011,Radio and Television Announcers,12953,10948,-2005,-15.48,31.24,29,-2.24,-2005,747,-2,Millennial Exit,-334,125
27,Baby Boomer,"Arts, Design, Entertainment, Sports, and Media Occupations",355964,374103,18139,5.1,13.26,14,27-3011,Radio and Television Announcers,4271,5018,747,17.49,10.3,13,2.7,-2005,747,-2,Millennial Exit,-334,125
53,Millennial,Transportation and Material Moving Occupations,2524305,2379228,-145077,-5.75,25.32,26,53-4031,Railroad Conductors and Yardmasters,10503,10978,475,4.52,23.71,24,0.29,475,491,1,Millennial Exit,79,82
53,Baby Boomer,Transportation and Material Moving Occupations,1374052,1505802,131750,9.59,13.78,16,53-4031,Railroad Conductors and Yardmasters,11767,12258,491,4.17,26.57,26,-0.57,475,491,1,Millennial Exit,79,82
29,Baby Boomer,Healthcare Practitioners and Technical Occupations,1161066,1413668,252602,21.76,15.49,17,29-2054,Respiratory Therapy Technicians,1146,1400,254,22.16,8.29,10,1.71,18,254,1,Millennial Exit,3,42
29,Millennial,Healthcare Practitioners and Technical Occupations,1944312,2157397,213085,10.96,25.94,27,29-2054,Respiratory Therapy Technicians,5412,5430,18,0.33,39.14,40,0.86,18,254,1,Millennial Exit,3,42
47,Millennial,Construction and Extraction Occupations,2494960,2016673,-478287,-19.17,30.68,29,47-5051,"Rock Splitters, Quarry",1939,1548,-391,-20.17,36.17,35,-1.17,-391,66,-5,Millennial Exit,-65,11
47,Baby Boomer,Construction and Extraction Occupations,853148,827748,-25400,-2.98,10.49,12,47-5051,"Rock Splitters, Quarry",327,393,66,20.18,6.1,9,2.9,-391,66,-5,Millennial Exit,-65,11
41,Millennial,Sales and Related Occupations,4431037,4504482,73445,1.66,27.02,28,41-3031,"Securities, Commodities, and Financial Services Sales Agents",137380,118625,-18755,-13.65,33.72,32,-1.72,-18755,-496,NULL,Shrinking,-3126,-83
41,Baby Boomer,Sales and Related Occupations,2093226,2275446,182220,8.71,12.76,14,41-3031,"Securities, Commodities, and Financial Services Sales Agents",45657,45161,-496,-1.09,11.21,12,0.79,-18755,-496,NULL,Shrinking,-3126,-83
25,Millennial,"Education, Training, and Library Occupations",2051515,2114982,63467,3.09,23.88,25,25-3021,Self-Enrichment Education Teachers,80815,90333,9518,11.78,25.27,26,0.73,9518,4744,3,Millennial Growth,1586,791
25,Baby Boomer,"Education, Training, and Library Occupations",1666597,1697604,31007,1.86,19.4,19,25-3021,Self-Enrichment Education Teachers,52770,57514,4744,8.99,16.5,17,0.5,9518,4744,3,Millennial Growth,1586,791
25,Baby Boomer,"Education, Training, and Library Occupations",1666597,1697604,31007,1.86,19.4,19,25-2059,"Special Education Teachers, All Other",7733,7769,36,0.47,19.23,19,-0.23,459,36,13,Millennial Growth,77,6
25,Millennial,"Education, Training, and Library Occupations",2051515,2114982,63467,3.09,23.88,25,25-2059,"Special Education Teachers, All Other",9649,10108,459,4.76,24,25,1,459,36,13,Millennial Growth,77,6
29,Millennial,Healthcare Practitioners and Technical Occupations,1944312,2157397,213085,10.96,25.94,27,29-1127,Speech-Language Pathologists,36676,40696,4020,10.96,30.24,31,0.76,4020,1722,3,Millennial Growth,670,287
29,Baby Boomer,Healthcare Practitioners and Technical Occupations,1161066,1413668,252602,21.76,15.49,17,29-1127,Speech-Language Pathologists,20178,21900,1722,8.53,16.64,17,0.36,4020,1722,3,Millennial Growth,670,287
43,Baby Boomer,Office and Administrative Support Occupations,3591385,3937939,346554,9.65,14.97,17,43-5081,Stock Clerks and Order Fillers,208438,230104,21666,10.39,10.85,13,2.15,16531,21666,1,Millennial Exit,2755,3611
43,Millennial,Office and Administrative Support Occupations,6630203,6389681,-240522,-3.63,27.63,27,43-5081,Stock Clerks and Order Fillers,558056,574587,16531,2.96,29.05,31,1.95,16531,21666,1,Millennial Exit,2755,3611
47,Millennial,Construction and Extraction Occupations,2494960,2016673,-478287,-19.17,30.68,29,47-2221,Structural Iron and Steel Workers,27513,18148,-9365,-34.04,30.25,29,-1.25,-9365,-1254,NULL,Shrinking,-1561,-209
47,Baby Boomer,Construction and Extraction Occupations,853148,827748,-25400,-2.98,10.49,12,47-2221,Structural Iron and Steel Workers,9069,7815,-1254,-13.83,9.97,12,2.03,-9365,-1254,NULL,Shrinking,-1561,-209
29,Baby Boomer,Healthcare Practitioners and Technical Occupations,1161066,1413668,252602,21.76,15.49,17,29-1067,Surgeons,8641,10072,1431,16.56,18.8,21,2.2,693,1431,1,Millennial Exit,116,239
29,Millennial,Healthcare Practitioners and Technical Occupations,1944312,2157397,213085,10.96,25.94,27,29-1067,Surgeons,6876,7569,693,10.08,14.96,15,0.04,693,1431,1,Millennial Exit,116,239
47,Millennial,Construction and Extraction Occupations,2494960,2016673,-478287,-19.17,30.68,29,47-2082,Tapers,12847,8363,-4484,-34.9,37.89,37,-0.89,-4484,-419,NULL,Shrinking,-747,-70
47,Baby Boomer,Construction and Extraction Occupations,853148,827748,-25400,-2.98,10.49,12,47-2082,Tapers,1893,1474,-419,-22.13,5.58,6,0.42,-4484,-419,NULL,Shrinking,-747,-70
25,Baby Boomer,"Education, Training, and Library Occupations",1666597,1697604,31007,1.86,19.4,19,25-3099,"Teachers and Instructors, All Other",59441,63571,4130,6.95,17.89,18,0.11,8589,4130,3,Millennial Growth,1432,688
25,Millennial,"Education, Training, and Library Occupations",2051515,2114982,63467,3.09,23.88,25,25-3099,"Teachers and Instructors, All Other",83754,92343,8589,10.26,25.2,26,0.8,8589,4130,3,Millennial Growth,1432,688
47,Millennial,Construction and Extraction Occupations,2494960,2016673,-478287,-19.17,30.68,29,47-2053,Terrazzo Workers and Finishers,2662,1715,-947,-35.57,37.14,33,-4.14,-947,-51,NULL,Shrinking,-158,-9
47,Baby Boomer,Construction and Extraction Occupations,853148,827748,-25400,-2.98,10.49,12,47-2053,Terrazzo Workers and Finishers,357,306,-51,-14.29,4.97,6,1.03,-947,-51,NULL,Shrinking,-158,-9
51,Millennial,Production Occupations,2484504,2167981,-316523,-12.74,24.53,24,51-4111,Tool and Die Makers,9214,7575,-1639,-17.79,10.22,10,-0.22,-1639,-199,NULL,Shrinking,-273,-33
51,Baby Boomer,Production Occupations,1461071,1531321,70250,4.81,14.43,17,51-4111,Tool and Die Makers,21429,21230,-199,-0.93,23.76,27,3.24,-1639,-199,NULL,Shrinking,-273,-33
53,Baby Boomer,Transportation and Material Moving Occupations,1374052,1505802,131750,9.59,13.78,16,53-6061,"Transportation Attendants, Except Flight Attendants ",4729,4986,257,5.43,19.6,21,1.4,-268,257,-1,Millennial Exit,-45,43
53,Millennial,Transportation and Material Moving Occupations,2524305,2379228,-145077,-5.75,25.32,26,53-6061,"Transportation Attendants, Except Flight Attendants ",4842,4574,-268,-5.53,20.07,19,-1.07,-268,257,-1,Millennial Exit,-45,43
53,Millennial,Transportation and Material Moving Occupations,2524305,2379228,-145077,-5.75,25.32,26,53-6099,"Transportation Workers, All Other",10220,9420,-800,-7.83,26.38,26,-0.38,-800,913,0,Millennial Exit,-133,152
53,Baby Boomer,Transportation and Material Moving Occupations,1374052,1505802,131750,9.59,13.78,16,53-6099,"Transportation Workers, All Other",6337,7250,913,14.41,16.36,19,2.64,-800,913,0,Millennial Exit,-133,152
11,Millennial,Management Occupations,1555952,1461670,-94282,-6.06,18.59,18,11-3071,"Transportation, Storage, and Distribution Managers",21445,20360,-1085,-5.06,20.33,19,-1.33,-1085,2257,0,Millennial Exit,-181,376
11,Baby Boomer,Management Occupations,1465399,1506812,41413,2.83,17.5,19,11-3071,"Transportation, Storage, and Distribution Managers",17985,20242,2257,12.55,17.05,19,1.95,-1085,2257,0,Millennial Exit,-181,376
29,Baby Boomer,Healthcare Practitioners and Technical Occupations,1161066,1413668,252602,21.76,15.49,17,29-1131,Veterinarians,8488,9639,1151,13.56,12.77,14,1.23,1588,1151,2,Millennial Growth,265,192
29,Millennial,Healthcare Practitioners and Technical Occupations,1944312,2157397,213085,10.96,25.94,27,29-1131,Veterinarians,18479,20067,1588,8.59,27.8,29,1.2,1588,1151,2,Millennial Growth,265,192
49,Baby Boomer,"Installation, Maintenance, and Repair Occupations",865447,946602,81155,9.38,14.61,17,49-9081,Wind Turbine Service Technicians,945,1025,80,8.47,17.43,19,1.57,204,80,3,Millennial Growth,34,13
11,Millennial,Management Occupations,1555952,1461670,-94282,-6.06,18.59,18,11-2011,Advertising and Promotions Managers,13682,13060,-622,-4.55,40.69,41,0.31,-622,534,-1,Millennial Exit,-104,89
11,Baby Boomer,Management Occupations,1465399,1506812,41413,2.83,17.5,19,11-2011,Advertising and Promotions Managers,3464,3998,534,15.42,10.3,12,1.7,-622,534,-1,Millennial Exit,-104,89
17,Baby Boomer,Architecture and Engineering Occupations,422861,462564,39703,9.39,15.93,18,17-3021,Aerospace Engineering and Operations Technicians,1867,2113,246,13.18,17.5,21,3.5,-201,246,0,Millennial Exit,-34,41
17,Millennial,Architecture and Engineering Occupations,662470,593064,-69406,-10.48,24.96,24,17-3021,Aerospace Engineering and Operations Technicians,1904,1703,-201,-10.56,17.84,17,-0.84,-201,246,0,Millennial Exit,-34,41
53,Millennial,Transportation and Material Moving Occupations,2524305,2379228,-145077,-5.75,25.32,26,53-2022,Airfield Operations Specialists,1861,1757,-104,-5.59,24.66,24,-0.66,-104,156,0,Millennial Exit,-17,26
53,Baby Boomer,Transportation and Material Moving Occupations,1374052,1505802,131750,9.59,13.78,16,53-2022,Airfield Operations Specialists,866,1022,156,18.01,11.48,14,2.52,-104,156,0,Millennial Exit,-17,26
33,Baby Boomer,Protective Service Occupations,549128,564740,15612,2.84,16.39,17,33-9011,Animal Control Workers,1901,1946,45,2.37,13.71,14,0.29,62,45,2,Millennial Growth,10,8
33,Millennial,Protective Service Occupations,799790,828819,29029,3.63,23.88,24,33-9011,Animal Control Workers,2769,2831,62,2.24,19.97,20,0.03,62,45,2,Millennial Growth,10,8
39,Baby Boomer,Personal Care and Service Occupations,688295,808370,120075,17.45,13.14,14,39-2011,Animal Trainers,4663,5001,338,7.25,14.05,15,0.95,722,338,3,Millennial Growth,120,56
39,Millennial,Personal Care and Service Occupations,1451425,1654558,203133,14,27.7,29,39-2011,Animal Trainers,8572,9294,722,8.42,25.82,27,1.18,722,338,3,Millennial Growth,120,56
49,Baby Boomer,"Installation, Maintenance, and Repair Occupations",865447,946602,81155,9.38,14.61,17,49-3022,Automotive Glass Installers and Repairers,760,968,208,27.37,3.99,5,1.01,-193,208,0,Millennial Exit,-32,35
49,Millennial,"Installation, Maintenance, and Repair Occupations",1453597,1378460,-75137,-5.17,24.53,24,49-3022,Automotive Glass Installers and Repairers,6332,6139,-193,-3.05,33.25,34,0.75,-193,208,0,Millennial Exit,-32,35
51,Baby Boomer,Production Occupations,1461071,1531321,70250,4.81,14.43,17,51-3011,Bakers,18334,21901,3567,19.46,11.15,13,1.85,4367,3567,2,Millennial Growth,728,595
51,Millennial,Production Occupations,2484504,2167981,-316523,-12.74,24.53,24,51-3011,Bakers,41319,45686,4367,10.57,25.13,27,1.87,4367,3567,2,Millennial Growth,728,595
17,Baby Boomer,Architecture and Engineering Occupations,422861,462564,39703,9.39,15.93,18,17-2031,Biomedical Engineers,1758,2832,1074,61.09,11.1,13,1.9,1532,1074,2,Millennial Growth,255,179
17,Millennial,Architecture and Engineering Occupations,662470,593064,-69406,-10.48,24.96,24,17-2031,Biomedical Engineers,5971,7503,1532,25.66,37.71,35,-2.71,1532,1074,2,Millennial Growth,255,179
53,Millennial,Transportation and Material Moving Occupations,2524305,2379228,-145077,-5.75,25.32,26,53-3021,"Bus Drivers, Transit and Intercity ",27440,27382,-58,-0.21,16.3,16,-0.3,-58,2823,0,Millennial Exit,-10,471
53,Baby Boomer,Transportation and Material Moving Occupations,1374052,1505802,131750,9.59,13.78,16,53-3021,"Bus Drivers, Transit and Intercity ",35406,38229,2823,7.97,21.04,22,0.96,-58,2823,0,Millennial Exit,-10,471
17,Baby Boomer,Architecture and Engineering Occupations,422861,462564,39703,9.39,15.93,18,17-2041,Chemical Engineers,5709,6793,1084,18.99,16.94,20,3.06,-428,1084,0,Millennial Exit,-71,181
17,Millennial,Architecture and Engineering Occupations,662470,593064,-69406,-10.48,24.96,24,17-2041,Chemical Engineers,7691,7263,-428,-5.56,22.82,22,-0.82,-428,1084,0,Millennial Exit,-71,181
49,Baby Boomer,"Installation, Maintenance, and Repair Occupations",865447,946602,81155,9.38,14.61,17,49-9092,Commercial Divers,708,710,2,0.28,12.92,13,0.08,-23,2,NULL,Millennial Exit,-4,0
49,Millennial,"Installation, Maintenance, and Repair Occupations",1453597,1378460,-75137,-5.17,24.53,24,49-9092,Commercial Divers,1393,1370,-23,-1.65,25.43,25,-0.43,-23,2,NULL,Millennial Exit,-4,0
15,Baby Boomer,Computer and Mathematical Occupations,372843,446730,73887,19.82,10.12,11,15-1151,Computer User Support Specialists,63910,74959,11049,17.29,11.12,13,1.88,1391,11049,1,Millennial Exit,232,1842
15,Millennial,Computer and Mathematical Occupations,1205652,1230220,24568,2.04,32.73,32,15-1151,Computer User Support Specialists,195855,197246,1391,0.71,34.09,33,-1.09,1391,11049,1,Millennial Exit,232,1842
53,Baby Boomer,Transportation and Material Moving Occupations,1374052,1505802,131750,9.59,13.78,16,53-7011,Conveyor Operators and Tenders,4657,5383,726,15.59,10.64,13,2.36,-1218,726,-1,Millennial Exit,-203,121
53,Millennial,Transportation and Material Moving Occupations,2524305,2379228,-145077,-5.75,25.32,26,53-7011,Conveyor Operators and Tenders,14600,13382,-1218,-8.34,33.36,33,-0.36,-1218,726,-1,Millennial Exit,-203,121
35,Millennial,Food Preparation and Serving Related Occupations,3638345,4283180,644835,17.72,31.84,35,35-2013,"Cooks, Private Household",241,286,45,18.67,13.17,14,0.83,45,53,1,Millennial Exit,8,9
35,Baby Boomer,Food Preparation and Serving Related Occupations,715561,858635,143074,19.99,6.26,7,35-2013,"Cooks, Private Household",552,605,53,9.6,30.18,31,0.82,45,53,1,Millennial Exit,8,9
35,Baby Boomer,Food Preparation and Serving Related Occupations,715561,858635,143074,19.99,6.26,7,35-2014,"Cooks, Restaurant",61202,76735,15533,25.38,6.27,7,0.73,57909,15533,4,Millennial Growth,9652,2589
35,Millennial,Food Preparation and Serving Related Occupations,3638345,4283180,644835,17.72,31.84,35,35-2014,"Cooks, Restaurant",347837,405746,57909,16.65,35.66,38,2.34,57909,15533,4,Millennial Growth,9652,2589
43,Baby Boomer,Office and Administrative Support Occupations,3591385,3937939,346554,9.65,14.97,17,43-5021,Couriers and Messengers,21137,22092,955,4.52,18.16,20,1.84,-1549,955,-1,Millennial Exit,-258,159
43,Millennial,Office and Administrative Support Occupations,6630203,6389681,-240522,-3.63,27.63,27,43-5021,Couriers and Messengers,23527,21978,-1549,-6.58,20.21,20,-0.21,-1549,955,-1,Millennial Exit,-258,159
51,Baby Boomer,Production Occupations,1461071,1531321,70250,4.81,14.43,17,51-9021,"Crushing, Grinding, and Polishing Machine Setters, Operators, and Tenders",4405,4789,384,8.72,13.04,16,2.96,-1297,384,-3,Millennial Exit,-216,64
51,Millennial,Production Occupations,2484504,2167981,-316523,-12.74,24.53,24,51-9021,"Crushing, Grinding, and Polishing Machine Setters, Operators, and Tenders",8646,7349,-1297,-15,25.59,25,-0.59,-1297,384,-3,Millennial Exit,-216,64
43,Baby Boomer,Office and Administrative Support Occupations,3591385,3937939,346554,9.65,14.97,17,43-4051,Customer Service Representatives,257044,302722,45678,17.77,10.63,13,2.37,-16935,45678,0,Millennial Exit,-2823,7613
43,Millennial,Office and Administrative Support Occupations,6630203,6389681,-240522,-3.63,27.63,27,43-4051,Customer Service Representatives,890482,873547,-16935,-1.9,36.84,37,0.16,-16935,45678,0,Millennial Exit,-2823,7613
51,Millennial,Production Occupations,2484504,2167981,-316523,-12.74,24.53,24,51-9032,"Cutting and Slicing Machine Setters, Operators, and Tenders",18268,14391,-3877,-21.22,26.56,25,-1.56,-3877,314,-12,Millennial Exit,-646,52
51,Baby Boomer,Production Occupations,1461071,1531321,70250,4.81,14.43,17,51-9032,"Cutting and Slicing Machine Setters, Operators, and Tenders",11485,11799,314,2.73,16.7,20,3.3,-3877,314,-12,Millennial Exit,-646,52
29,Baby Boomer,Healthcare Practitioners and Technical Occupations,1161066,1413668,252602,21.76,15.49,17,29-1029,"Dentists, All Other Specialists",1529,1609,80,5.23,23.31,24,0.69,50,80,1,Millennial Exit,8,13
29,Millennial,Healthcare Practitioners and Technical Occupations,1944312,2157397,213085,10.96,25.94,27,29-1029,"Dentists, All Other Specialists",1294,1344,50,3.86,19.72,21,1.28,50,80,1,Millennial Exit,8,13
43,Baby Boomer,Office and Administrative Support Occupations,3591385,3937939,346554,9.65,14.97,17,43-9031,Desktop Publishers,3068,2808,-260,-8.47,13.55,16,2.45,-1689,-260,NULL,Shrinking,-282,-43
43,Millennial,Office and Administrative Support Occupations,6630203,6389681,-240522,-3.63,27.63,27,43-9031,Desktop Publishers,6581,4892,-1689,-25.66,29.06,28,-1.06,-1689,-260,NULL,Shrinking,-282,-43
49,Baby Boomer,"Installation, Maintenance, and Repair Occupations",865447,946602,81155,9.38,14.61,17,49-2095,"Electrical and Electronics Repairers, Powerhouse, Substation, and Relay",5244,6354,1110,21.17,23,27,4,721,1110,1,Millennial Exit,120,185
49,Millennial,"Installation, Maintenance, and Repair Occupations",1453597,1378460,-75137,-5.17,24.53,24,49-2095,"Electrical and Electronics Repairers, Powerhouse, Substation, and Relay",3964,4685,721,18.19,17.39,19,1.61,721,1110,1,Millennial Exit,120,185
17,Millennial,Architecture and Engineering Occupations,662470,593064,-69406,-10.48,24.96,24,17-2071,Electrical Engineers,36883,33496,-3387,-9.18,21.35,20,-1.35,-3387,3697,0,Millennial Exit,-565,616
17,Baby Boomer,Architecture and Engineering Occupations,422861,462564,39703,9.39,15.93,18,17-2071,Electrical Engineers,31496,35193,3697,11.74,18.23,21,2.77,-3387,3697,0,Millennial Exit,-565,616
49,Millennial,"Installation, Maintenance, and Repair Occupations",1453597,1378460,-75137,-5.17,24.53,24,49-2096,"Electronic Equipment Installers and Repairers, Motor Vehicles",5802,4500,-1302,-22.44,41.85,37,-4.85,-1302,593,-2,Millennial Exit,-217,99
49,Baby Boomer,"Installation, Maintenance, and Repair Occupations",865447,946602,81155,9.38,14.61,17,49-2096,"Electronic Equipment Installers and Repairers, Motor Vehicles",1716,2309,593,34.56,12.38,19,6.62,-1302,593,-2,Millennial Exit,-217,99
39,Millennial,Personal Care and Service Occupations,1451425,1654558,203133,14,27.7,29,39-4011,Embalmers,403,372,-31,-7.69,7.89,7,-0.89,-31,-3,NULL,Shrinking,-5,-1
39,Baby Boomer,Personal Care and Service Occupations,688295,808370,120075,17.45,13.14,14,39-4011,Embalmers,1098,1095,-3,-0.27,21.51,22,0.49,-31,-3,NULL,Shrinking,-5,-1
29,Baby Boomer,Healthcare Practitioners and Technical Occupations,1161066,1413668,252602,21.76,15.49,17,29-2041,Emergency Medical Technicians and Paramedics,20273,23598,3325,16.4,9.6,10,0.4,13060,3325,4,Millennial Growth,2177,554
29,Millennial,Healthcare Practitioners and Technical Occupations,1944312,2157397,213085,10.96,25.94,27,29-2041,Emergency Medical Technicians and Paramedics,79753,92813,13060,16.38,37.78,39,1.22,13060,3325,4,Millennial Growth,2177,554
29,Baby Boomer,Healthcare Practitioners and Technical Occupations,1161066,1413668,252602,21.76,15.49,17,29-1128,Exercise Physiologists,1338,1781,443,33.11,15.13,17,1.87,444,443,1,NULL,74,74
29,Millennial,Healthcare Practitioners and Technical Occupations,1944312,2157397,213085,10.96,25.94,27,29-1128,Exercise Physiologists,2616,3060,444,16.97,29.59,29,-0.59,444,443,1,NULL,74,74
51,Millennial,Production Occupations,2484504,2167981,-316523,-12.74,24.53,24,51-6092,Fabric and Apparel Patternmakers,1586,1183,-403,-25.41,18.28,18,-0.28,-403,-135,NULL,Shrinking,-67,-23
51,Baby Boomer,Production Occupations,1461071,1531321,70250,4.81,14.43,17,51-6092,Fabric and Apparel Patternmakers,1347,1212,-135,-10.02,15.52,18,2.48,-403,-135,NULL,Shrinking,-67,-23
13,Baby Boomer,Business and Financial Operations Occupations,1099023,1225149,126126,11.48,15.43,17,13-2051,Financial Analysts,18204,20223,2019,11.09,7.18,8,0.82,-128,2019,0,Millennial Exit,-21,337
13,Millennial,Business and Financial Operations Occupations,1992479,1981010,-11469,-0.58,27.97,27,13-2051,Financial Analysts,106994,106866,-128,-0.12,42.21,41,-1.21,-128,2019,0,Millennial Exit,-21,337
13,Millennial,Business and Financial Operations Occupations,1992479,1981010,-11469,-0.58,27.97,27,13-2061,Financial Examiners,6786,6920,134,1.97,24.6,23,-1.6,134,1109,1,Millennial Exit,22,185
13,Baby Boomer,Business and Financial Operations Occupations,1099023,1225149,126126,11.48,15.43,17,13-2061,Financial Examiners,4714,5823,1109,23.53,17.09,19,1.91,134,1109,1,Millennial Exit,22,185
27,Baby Boomer,"Arts, Design, Entertainment, Sports, and Media Occupations",355964,374103,18139,5.1,13.26,14,27-1013,"Fine Artists, Including Painters, Sculptors, and Illustrators",5805,5503,-302,-5.2,19.53,20,0.47,-230,-302,NULL,Shrinking,-38,-50
27,Millennial,"Arts, Design, Entertainment, Sports, and Media Occupations",814043,788864,-25179,-3.09,30.31,30,27-1013,"Fine Artists, Including Painters, Sculptors, and Illustrators",6010,5780,-230,-3.83,20.22,21,0.78,-230,-302,NULL,Shrinking,-38,-50
37,Baby Boomer,Building and Grounds Cleaning and Maintenance Occupations,876401,966863,90462,10.32,15.1,16,37-1011,First-Line Supervisors of Housekeeping and Janitorial Workers,40085,39401,-684,-1.71,17.69,19,1.31,-2355,-684,NULL,Shrinking,-393,-114
37,Millennial,Building and Grounds Cleaning and Maintenance Occupations,1333020,1386529,53509,4.01,22.97,23,37-1011,First-Line Supervisors of Housekeeping and Janitorial Workers,39328,36973,-2355,-5.99,17.36,18,0.64,-2355,-684,NULL,Shrinking,-393,-114
33,Baby Boomer,Protective Service Occupations,549128,564740,15612,2.84,16.39,17,33-1099,"First-Line Supervisors of Protective Service Workers, All Other",12614,13230,616,4.88,20.12,21,0.88,777,616,2,Millennial Growth,130,103
33,Millennial,Protective Service Occupations,799790,828819,29029,3.63,23.88,24,33-1099,"First-Line Supervisors of Protective Service Workers, All Other",13553,14330,777,5.73,21.61,23,1.39,777,616,2,Millennial Growth,130,103
11,Baby Boomer,Management Occupations,1465399,1506812,41413,2.83,17.5,19,11-9051,Food Service Managers,33981,33865,-116,-0.34,11.49,12,0.51,1107,-116,-9,Millennial Growth,185,-19
11,Millennial,Management Occupations,1555952,1461670,-94282,-6.06,18.59,18,11-9051,Food Service Managers,85614,86721,1107,1.29,28.94,31,2.06,1107,-116,-9,Millennial Growth,185,-19
19,Baby Boomer,"Life, Physical, and Social Science Occupations",189040,214879,25839,13.67,16.33,18,19-4093,Forest and Conservation Technicians,5691,5936,245,4.31,17.92,18,0.08,473,245,2,Millennial Growth,79,41
19,Millennial,"Life, Physical, and Social Science Occupations",312140,328219,16079,5.15,26.96,27,19-4093,Forest and Conservation Technicians,7493,7966,473,6.31,23.6,24,0.4,473,245,2,Millennial Growth,79,41
51,Millennial,Production Occupations,2484504,2167981,-316523,-12.74,24.53,24,51-4022,"Forging Machine Setters, Operators, and Tenders, Metal and Plastic",6723,5618,-1105,-16.44,25.96,25,-0.96,-1105,148,-7,Millennial Exit,-184,25
51,Baby Boomer,Production Occupations,1461071,1531321,70250,4.81,14.43,17,51-4022,"Forging Machine Setters, Operators, and Tenders, Metal and Plastic",3749,3897,148,3.95,14.48,17,2.52,-1105,148,-7,Millennial Exit,-184,25
51,Baby Boomer,Production Occupations,1461071,1531321,70250,4.81,14.43,17,51-7021,Furniture Finishers,4318,3365,-953,-22.07,17.56,20,2.44,-1596,-953,NULL,Shrinking,-266,-159
51,Millennial,Production Occupations,2484504,2167981,-316523,-12.74,24.53,24,51-7021,Furniture Finishers,4737,3141,-1596,-33.69,19.27,19,-0.27,-1596,-953,NULL,Shrinking,-266,-159
51,Millennial,Production Occupations,2484504,2167981,-316523,-12.74,24.53,24,51-8092,Gas Plant Operators,1507,1943,436,28.93,12.79,15,2.21,436,969,1,Millennial Exit,73,162
51,Baby Boomer,Production Occupations,1461071,1531321,70250,4.81,14.43,17,51-8092,Gas Plant Operators,2651,3620,969,36.55,22.49,29,6.51,436,969,1,Millennial Exit,73,162
19,Baby Boomer,"Life, Physical, and Social Science Occupations",189040,214879,25839,13.67,16.33,18,19-4041,Geological and Petroleum Technicians,2407,3452,1045,43.42,16.84,20,3.16,774,1045,1,Millennial Exit,129,174
19,Millennial,"Life, Physical, and Social Science Occupations",312140,328219,16079,5.15,26.96,27,19-4041,Geological and Petroleum Technicians,3769,4543,774,20.54,26.37,27,0.63,774,1045,1,Millennial Exit,129,174
27,Baby Boomer,"Arts, Design, Entertainment, Sports, and Media Occupations",355964,374103,18139,5.1,13.26,14,27-1024,Graphic Designers,35092,35342,250,0.71,11.86,13,1.14,-11795,250,-46,Millennial Exit,-1966,42
27,Millennial,"Arts, Design, Entertainment, Sports, and Media Occupations",814043,788864,-25179,-3.09,30.31,30,27-1024,Graphic Designers,99982,88187,-11795,-11.8,33.79,33,-0.79,-11795,250,-46,Millennial Exit,-1966,42
47,Millennial,Construction and Extraction Occupations,2494960,2016673,-478287,-19.17,30.68,29,47-3019,"Helpers, Construction Trades, All Other",10965,9570,-1395,-12.72,37.72,40,2.28,-1395,148,-9,Millennial Exit,-233,25
47,Baby Boomer,Construction and Extraction Occupations,853148,827748,-25400,-2.98,10.49,12,47-3019,"Helpers, Construction Trades, All Other",1447,1595,148,10.23,4.98,7,2.02,-1395,148,-9,Millennial Exit,-233,25
47,Baby Boomer,Construction and Extraction Occupations,853148,827748,-25400,-2.98,10.49,12,47-3013,Helpers--Electricians,3726,4245,519,13.93,4.78,6,1.22,-4024,519,-7,Millennial Exit,-671,87
47,Millennial,Construction and Extraction Occupations,2494960,2016673,-478287,-19.17,30.68,29,47-3013,Helpers--Electricians,29229,25205,-4024,-13.77,37.48,38,0.52,-4024,519,-7,Millennial Exit,-671,87
11,Millennial,Management Occupations,1555952,1461670,-94282,-6.06,18.59,18,11-3121,Human Resources Managers,20796,20785,-11,-0.05,19.43,19,-0.43,-11,2973,0,Millennial Exit,-2,496
11,Baby Boomer,Management Occupations,1465399,1506812,41413,2.83,17.5,19,11-3121,Human Resources Managers,19155,22128,2973,15.52,17.89,20,2.11,-11,2973,0,Millennial Exit,-2,496
25,Millennial,"Education, Training, and Library Occupations",2051515,2114982,63467,3.09,23.88,25,25-9031,Instructional Coordinators,28465,30313,1848,6.49,21.75,22,0.25,1848,2218,1,Millennial Exit,308,370
25,Baby Boomer,"Education, Training, and Library Occupations",1666597,1697604,31007,1.86,19.4,19,25-9031,Instructional Coordinators,28326,30544,2218,7.83,21.65,22,0.35,1848,2218,1,Millennial Exit,308,370
43,Baby Boomer,Office and Administrative Support Occupations,3591385,3937939,346554,9.65,14.97,17,43-9041,Insurance Claims and Policy Processing Clerks,33504,39016,5512,16.45,13.97,17,3.03,-8811,5512,-1,Millennial Exit,-1469,919
43,Millennial,Office and Administrative Support Occupations,6630203,6389681,-240522,-3.63,27.63,27,43-9041,Insurance Claims and Policy Processing Clerks,77472,68661,-8811,-11.37,32.29,29,-3.29,-8811,5512,-1,Millennial Exit,-1469,919
23,Baby Boomer,Legal Occupations,214033,222448,8415,3.93,16.43,18,23-1011,Lawyers,144300,145862,1562,1.08,17.77,19,1.23,-10482,1562,-6,Millennial Exit,-1747,260
23,Millennial,Legal Occupations,335642,320408,-15234,-4.54,25.76,26,23-1011,Lawyers,190666,180184,-10482,-5.5,23.48,23,-0.48,-10482,1562,-6,Millennial Exit,-1747,260
13,Baby Boomer,Business and Financial Operations Occupations,1099023,1225149,126126,11.48,15.43,17,13-2072,Loan Officers,39463,42038,2575,6.53,11.95,14,2.05,-13957,2575,-5,Millennial Exit,-2326,429
13,Millennial,Business and Financial Operations Occupations,1992479,1981010,-11469,-0.58,27.97,27,13-2072,Loan Officers,118976,105019,-13957,-11.73,36.03,34,-2.03,-13957,2575,-5,Millennial Exit,-2326,429
29,Baby Boomer,Healthcare Practitioners and Technical Occupations,1161066,1413668,252602,21.76,15.49,17,29-2035,Magnetic Resonance Imaging Technologists,3001,4073,1072,35.72,11.06,13,1.94,1246,1072,2,Millennial Growth,208,179
29,Millennial,Healthcare Practitioners and Technical Occupations,1944312,2157397,213085,10.96,25.94,27,29-2035,Magnetic Resonance Imaging Technologists,8024,9270,1246,15.53,29.58,30,0.42,1246,1072,2,Millennial Growth,208,179
49,Baby Boomer,"Installation, Maintenance, and Repair Occupations",865447,946602,81155,9.38,14.61,17,49-9071,"Maintenance and Repair Workers, General",255554,275212,19658,7.69,18.15,20,1.85,-3840,19658,0,Millennial Exit,-640,3276
49,Millennial,"Installation, Maintenance, and Repair Occupations",1453597,1378460,-75137,-5.17,24.53,24,49-9071,"Maintenance and Repair Workers, General",265852,262012,-3840,-1.44,18.88,19,0.12,-3840,19658,0,Millennial Exit,-640,3276
49,Millennial,"Installation, Maintenance, and Repair Occupations",1453597,1378460,-75137,-5.17,24.53,24,49-9095,Manufactured Building and Mobile Home Installers,1351,1247,-104,-7.7,23.45,36,12.55,-104,-126,NULL,Shrinking,-17,-21
49,Baby Boomer,"Installation, Maintenance, and Repair Occupations",865447,946602,81155,9.38,14.61,17,49-9095,Manufactured Building and Mobile Home Installers,450,324,-126,-28,7.82,9,1.18,-104,-126,NULL,Shrinking,-17,-21
31,Millennial,Healthcare Support Occupations,1225658,1416322,190664,15.56,32.41,33,31-9011,Massage Therapists,43270,49883,6613,15.28,33.53,36,2.47,6613,1528,5,Millennial Growth,1102,255
31,Baby Boomer,Healthcare Support Occupations,462450,584837,122387,26.46,12.23,14,31-9011,Massage Therapists,13916,15444,1528,10.98,10.78,11,0.22,6613,1528,5,Millennial Growth,1102,255
53,Baby Boomer,Transportation and Material Moving Occupations,1374052,1505802,131750,9.59,13.78,16,53-7199,"Material Moving Workers, All Other",3686,4237,551,14.95,12.04,15,2.96,-353,551,0,Millennial Exit,-59,92
53,Millennial,Transportation and Material Moving Occupations,2524305,2379228,-145077,-5.75,25.32,26,53-7199,"Material Moving Workers, All Other",7012,6659,-353,-5.03,22.91,23,0.09,-353,551,0,Millennial Exit,-59,92
15,Millennial,Computer and Mathematical Occupations,1205652,1230220,24568,2.04,32.73,32,15-2091,Mathematical Technicians,525,546,21,4,37.46,38,0.54,21,18,2,Millennial Growth,4,3
15,Baby Boomer,Computer and Mathematical Occupations,372843,446730,73887,19.82,10.12,11,15-2091,Mathematical Technicians,80,98,18,22.5,5.73,7,1.27,21,18,2,Millennial Growth,4,3
15,Baby Boomer,Computer and Mathematical Occupations,372843,446730,73887,19.82,10.12,11,15-2021,Mathematicians,363,468,105,28.93,10.6,12,1.4,206,105,2,Millennial Growth,34,18
15,Millennial,Computer and Mathematical Occupations,1205652,1230220,24568,2.04,32.73,32,15-2021,Mathematicians,1169,1375,206,17.62,34.1,34,-0.1,206,105,2,Millennial Growth,34,18
27,Baby Boomer,"Arts, Design, Entertainment, Sports, and Media Occupations",355964,374103,18139,5.1,13.26,14,27-1026,Merchandise Displayers and Window Trimmers,8872,9923,1051,11.85,10.74,12,1.26,-336,1051,0,Millennial Exit,-56,175
27,Millennial,"Arts, Design, Entertainment, Sports, and Media Occupations",814043,788864,-25179,-3.09,30.31,30,27-1026,Merchandise Displayers and Window Trimmers,32527,32191,-336,-1.03,39.38,39,-0.38,-336,1051,0,Millennial Exit,-56,175
51,Baby Boomer,Production Occupations,1461071,1531321,70250,4.81,14.43,17,51-4199,"Metal Workers and Plastic Workers, All Other",3244,3449,205,6.32,13.7,16,2.3,-539,205,-2,Millennial Exit,-90,34
51,Millennial,Production Occupations,2484504,2167981,-316523,-12.74,24.53,24,51-4199,"Metal Workers and Plastic Workers, All Other",5663,5124,-539,-9.52,23.91,23,-0.91,-539,205,-2,Millennial Exit,-90,34
51,Baby Boomer,Production Occupations,1461071,1531321,70250,4.81,14.43,17,51-4051,Metal-Refining Furnace Operators and Tenders,3330,3668,338,10.15,15.08,18,2.92,-560,338,-1,Millennial Exit,-93,56
51,Millennial,Production Occupations,2484504,2167981,-316523,-12.74,24.53,24,51-4051,Metal-Refining Furnace Operators and Tenders,5511,4951,-560,-10.16,24.95,25,0.05,-560,338,-1,Millennial Exit,-93,56
51,Millennial,Production Occupations,2484504,2167981,-316523,-12.74,24.53,24,51-4035,"Milling and Planing Machine Setters, Operators, and Tenders, Metal and Plastic",5953,5209,-744,-12.5,22.83,22,-0.83,-744,289,-2,Millennial Exit,-124,48
51,Baby Boomer,Production Occupations,1461071,1531321,70250,4.81,14.43,17,51-4035,"Milling and Planing Machine Setters, Operators, and Tenders, Metal and Plastic",3867,4156,289,7.47,14.83,18,3.17,-744,289,-2,Millennial Exit,-124,48
49,Baby Boomer,"Installation, Maintenance, and Repair Occupations",865447,946602,81155,9.38,14.61,17,49-9044,Millwrights,10182,9550,-632,-6.21,21,24,3,-2036,-632,NULL,Shrinking,-339,-105
49,Millennial,"Installation, Maintenance, and Repair Occupations",1453597,1378460,-75137,-5.17,24.53,24,49-9044,Millwrights,8449,6413,-2036,-24.1,17.43,16,-1.43,-2036,-632,NULL,Shrinking,-339,-105
11,Millennial,Management Occupations,1555952,1461670,-94282,-6.06,18.59,18,11-9121,Natural Sciences Managers,9026,9143,117,1.3,18.87,18,-0.87,117,1338,1,Millennial Exit,20,223
11,Baby Boomer,Management Occupations,1465399,1506812,41413,2.83,17.5,19,11-9121,Natural Sciences Managers,8185,9523,1338,16.35,17.12,19,1.88,117,1338,1,Millennial Exit,20,223
43,Millennial,Office and Administrative Support Occupations,6630203,6389681,-240522,-3.63,27.63,27,43-4141,New Accounts Clerks,22973,21859,-1114,-4.85,39.37,40,0.63,-1114,766,-1,Millennial Exit,-186,128
43,Baby Boomer,Office and Administrative Support Occupations,3591385,3937939,346554,9.65,14.97,17,43-4141,New Accounts Clerks,6332,7098,766,12.1,10.85,13,2.15,-1114,766,-1,Millennial Exit,-186,128
29,Baby Boomer,Healthcare Practitioners and Technical Occupations,1161066,1413668,252602,21.76,15.49,17,29-1161,Nurse Midwives,794,1206,412,51.89,15.45,20,4.55,191,412,1,Millennial Exit,32,69
29,Millennial,Healthcare Practitioners and Technical Occupations,1944312,2157397,213085,10.96,25.94,27,29-1161,Nurse Midwives,893,1084,191,21.39,17.38,18,0.62,191,412,1,Millennial Exit,32,69
29,Baby Boomer,Healthcare Practitioners and Technical Occupations,1161066,1413668,252602,21.76,15.49,17,29-1064,Obstetricians and Gynecologists,4235,5033,798,18.84,18.66,21,2.34,NULL,798,NULL,Millennial Exit,NULL,133
43,Millennial,Office and Administrative Support Occupations,6630203,6389681,-240522,-3.63,27.63,27,43-9071,"Office Machine Operators, Except Computer",24285,21083,-3202,-13.19,30.44,31,0.56,-3202,111,-28,Millennial Exit,-534,19
43,Baby Boomer,Office and Administrative Support Occupations,3591385,3937939,346554,9.65,14.97,17,43-9071,"Office Machine Operators, Except Computer",9141,9252,111,1.21,11.46,13,1.54,-3202,111,-28,Millennial Exit,-534,19
29,Millennial,Healthcare Practitioners and Technical Occupations,1944312,2157397,213085,10.96,25.94,27,29-2057,Ophthalmic Medical Technicians,10351,11810,1459,14.1,38.02,39,0.98,1459,745,2,Millennial Growth,243,124
29,Baby Boomer,Healthcare Practitioners and Technical Occupations,1161066,1413668,252602,21.76,15.49,17,29-2057,Ophthalmic Medical Technicians,1997,2742,745,37.31,7.33,9,1.67,1459,745,2,Millennial Growth,243,124
31,Millennial,Healthcare Support Occupations,1225658,1416322,190664,15.56,32.41,33,31-1015,Orderlies,16514,17887,1373,8.31,29.88,31,1.12,1373,1593,1,Millennial Exit,229,266
31,Baby Boomer,Healthcare Support Occupations,462450,584837,122387,26.46,12.23,14,31-1015,Orderlies,7264,8857,1593,21.93,13.14,15,1.86,1373,1593,1,Millennial Exit,229,266
51,Millennial,Production Occupations,2484504,2167981,-316523,-12.74,24.53,24,51-9111,Packaging and Filling Machine Operators and Tenders,114272,106340,-7932,-6.94,28.49,29,0.51,-7932,6642,-1,Millennial Exit,-1322,1107
51,Baby Boomer,Production Occupations,1461071,1531321,70250,4.81,14.43,17,51-9111,Packaging and Filling Machine Operators and Tenders,49127,55769,6642,13.52,12.25,15,2.75,-7932,6642,-1,Millennial Exit,-1322,1107
47,Millennial,Construction and Extraction Occupations,2494960,2016673,-478287,-19.17,30.68,29,47-2141,"Painters, Construction and Maintenance",128754,99502,-29252,-22.72,26.71,25,-1.71,-29252,-3917,NULL,Shrinking,-4875,-653
47,Baby Boomer,Construction and Extraction Occupations,853148,827748,-25400,-2.98,10.49,12,47-2141,"Painters, Construction and Maintenance",57304,53387,-3917,-6.84,11.89,13,1.11,-29252,-3917,NULL,Shrinking,-4875,-653
51,Millennial,Production Occupations,2484504,2167981,-316523,-12.74,24.53,24,51-9123,"Painting, Coating, and Decorating Workers",5699,4605,-1094,-19.2,26.31,26,-0.31,-1094,-60,NULL,Shrinking,-182,-10
51,Baby Boomer,Production Occupations,1461071,1531321,70250,4.81,14.43,17,51-9123,"Painting, Coating, and Decorating Workers",2039,1979,-60,-2.94,9.41,11,1.59,-1094,-60,NULL,Shrinking,-182,-10
43,Millennial,Office and Administrative Support Occupations,6630203,6389681,-240522,-3.63,27.63,27,43-3051,Payroll and Timekeeping Clerks,49120,46726,-2394,-4.87,25.81,25,-0.81,-2394,3566,0,Millennial Exit,-399,594
43,Baby Boomer,Office and Administrative Support Occupations,3591385,3937939,346554,9.65,14.97,17,43-3051,Payroll and Timekeeping Clerks,29099,32665,3566,12.25,15.29,17,1.71,-2394,3566,0,Millennial Exit,-399,594
31,Millennial,Healthcare Support Occupations,1225658,1416322,190664,15.56,32.41,33,31-9097,Phlebotomists,34936,38187,3251,9.31,36.04,37,0.96,3251,2667,2,Millennial Growth,542,445
31,Baby Boomer,Healthcare Support Occupations,462450,584837,122387,26.46,12.23,14,31-9097,Phlebotomists,10369,13036,2667,25.72,10.7,13,2.3,3251,2667,2,Millennial Growth,542,445
43,Baby Boomer,Office and Administrative Support Occupations,3591385,3937939,346554,9.65,14.97,17,43-5031,"Police, Fire, and Ambulance Dispatchers",16258,16547,289,1.78,16.59,17,0.41,378,289,2,Millennial Growth,63,48
43,Millennial,Office and Administrative Support Occupations,6630203,6389681,-240522,-3.63,27.63,27,43-5031,"Police, Fire, and Ambulance Dispatchers",22256,22634,378,1.7,22.71,23,0.29,378,289,2,Millennial Growth,63,48
51,Baby Boomer,Production Occupations,1461071,1531321,70250,4.81,14.43,17,51-4052,"Pourers and Casters, Metal",1762,1726,-36,-2.04,14.08,17,2.92,-689,-36,NULL,Shrinking,-115,-6
51,Millennial,Production Occupations,2484504,2167981,-316523,-12.74,24.53,24,51-4052,"Pourers and Casters, Metal",3372,2683,-689,-20.43,26.95,26,-0.95,-689,-36,NULL,Shrinking,-115,-6
51,Millennial,Production Occupations,2484504,2167981,-316523,-12.74,24.53,24,51-5112,Printing Press Operators,50010,36032,-13978,-27.95,21.76,20,-1.76,-13978,-2109,NULL,Shrinking,-2330,-352
51,Baby Boomer,Production Occupations,1461071,1531321,70250,4.81,14.43,17,51-5112,Printing Press Operators,29566,27457,-2109,-7.13,12.86,16,3.14,-13978,-2109,NULL,Shrinking,-2330,-352
43,Baby Boomer,Office and Administrative Support Occupations,3591385,3937939,346554,9.65,14.97,17,43-5061,"Production, Planning, and Expediting Clerks",51387,55275,3888,7.57,16.47,19,2.53,-7568,3888,-1,Millennial Exit,-1261,648
43,Millennial,Office and Administrative Support Occupations,6630203,6389681,-240522,-3.63,27.63,27,43-5061,"Production, Planning, and Expediting Clerks",79554,71986,-7568,-9.51,25.5,25,-0.5,-7568,3888,-1,Millennial Exit,-1261,648
19,Baby Boomer,"Life, Physical, and Social Science Occupations",189040,214879,25839,13.67,16.33,18,19-3039,"Psychologists, All Other",5342,5910,568,10.63,29.26,29,-0.26,356,568,1,Millennial Exit,59,95
19,Millennial,"Life, Physical, and Social Science Occupations",312140,328219,16079,5.15,26.96,27,19-3039,"Psychologists, All Other",2258,2614,356,15.77,12.37,13,0.63,356,568,1,Millennial Exit,59,95
53,Millennial,Transportation and Material Moving Occupations,2524305,2379228,-145077,-5.75,25.32,26,53-7081,Refuse and Recyclable Material Collectors,32357,33109,752,2.32,25.46,25,-0.46,752,2252,1,Millennial Exit,125,375
53,Baby Boomer,Transportation and Material Moving Occupations,1374052,1505802,131750,9.59,13.78,16,53-7081,Refuse and Recyclable Material Collectors,15855,18107,2252,14.2,12.48,13,0.52,752,2252,1,Millennial Exit,125,375
27,Baby Boomer,"Arts, Design, Entertainment, Sports, and Media Occupations",355964,374103,18139,5.1,13.26,14,27-3022,Reporters and Correspondents,8203,7811,-392,-4.78,12.43,15,2.57,-6244,-392,NULL,Shrinking,-1041,-65
27,Millennial,"Arts, Design, Entertainment, Sports, and Media Occupations",814043,788864,-25179,-3.09,30.31,30,27-3022,Reporters and Correspondents,22129,15885,-6244,-28.22,33.52,31,-2.52,-6244,-392,NULL,Shrinking,-1041,-65
41,Millennial,Sales and Related Occupations,4431037,4504482,73445,1.66,27.02,28,41-2031,Retail Salespersons,1341347,1401533,60186,4.49,28.42,30,1.58,60186,62691,1,Millennial Exit,10031,10449
41,Baby Boomer,Sales and Related Occupations,2093226,2275446,182220,8.71,12.76,14,41-2031,Retail Salespersons,568785,631476,62691,11.02,12.05,14,1.95,60186,62691,1,Millennial Exit,10031,10449
41,Millennial,Sales and Related Occupations,4431037,4504482,73445,1.66,27.02,28,41-3099,"Sales Representatives, Services, All Other",242426,222971,-19455,-8.03,29.43,28,-1.43,-19455,12492,-1,Millennial Exit,-3243,2082
41,Baby Boomer,Sales and Related Occupations,2093226,2275446,182220,8.71,12.76,14,41-3099,"Sales Representatives, Services, All Other",108299,120791,12492,11.53,13.15,15,1.85,-19455,12492,-1,Millennial Exit,-3243,2082
51,Baby Boomer,Production Occupations,1461071,1531321,70250,4.81,14.43,17,51-7041,"Sawing Machine Setters, Operators, and Tenders, Wood",6832,6371,-461,-6.75,12.03,15,2.97,-5080,-461,NULL,Shrinking,-847,-77
51,Millennial,Production Occupations,2484504,2167981,-316523,-12.74,24.53,24,51-7041,"Sawing Machine Setters, Operators, and Tenders, Wood",16193,11113,-5080,-31.37,28.52,26,-2.52,-5080,-461,NULL,Shrinking,-847,-77
47,Baby Boomer,Construction and Extraction Occupations,853148,827748,-25400,-2.98,10.49,12,47-4091,Segmental Pavers,48,49,1,2.08,1.89,2,0.11,-208,1,NULL,Millennial Exit,-35,0
47,Millennial,Construction and Extraction Occupations,2494960,2016673,-478287,-19.17,30.68,29,47-4091,Segmental Pavers,1010,802,-208,-20.59,39.84,40,0.16,-208,1,NULL,Millennial Exit,-35,0
51,Baby Boomer,Production Occupations,1461071,1531321,70250,4.81,14.43,17,51-9141,Semiconductor Processors,3257,3359,102,3.13,12.54,15,2.46,-1503,102,-14,Millennial Exit,-251,17
51,Millennial,Production Occupations,2484504,2167981,-316523,-12.74,24.53,24,51-9141,Semiconductor Processors,5987,4484,-1503,-25.1,23.05,21,-2.05,-1503,102,-14,Millennial Exit,-251,17
47,Baby Boomer,Construction and Extraction Occupations,853148,827748,-25400,-2.98,10.49,12,47-4071,Septic Tank Servicers and Sewer Pipe Cleaners,2623,2907,284,10.83,10.11,11,0.89,22,284,1,Millennial Exit,4,47
47,Millennial,Construction and Extraction Occupations,2494960,2016673,-478287,-19.17,30.68,29,47-4071,Septic Tank Servicers and Sewer Pipe Cleaners,7525,7547,22,0.29,29.02,30,0.98,22,284,1,Millennial Exit,4,47
47,Baby Boomer,Construction and Extraction Occupations,853148,827748,-25400,-2.98,10.49,12,47-5013,"Service Unit Operators, Oil, Gas, and Mining",1781,3031,1250,70.19,3.99,5,1.01,9788,1250,8,Millennial Growth,1631,208
47,Millennial,Construction and Extraction Occupations,2494960,2016673,-478287,-19.17,30.68,29,47-5013,"Service Unit Operators, Oil, Gas, and Mining",21454,31242,9788,45.62,48.03,50,1.97,9788,1250,8,Millennial Growth,1631,208
51,Millennial,Production Occupations,2484504,2167981,-316523,-12.74,24.53,24,51-6041,Shoe and Leather Workers and Repairers,1381,1320,-61,-4.42,12.19,15,2.81,-61,-503,NULL,Shrinking,-10,-84
51,Baby Boomer,Production Occupations,1461071,1531321,70250,4.81,14.43,17,51-6041,Shoe and Leather Workers and Repairers,2495,1992,-503,-20.16,22.03,22,-0.03,-61,-503,NULL,Shrinking,-10,-84
39,Baby Boomer,Personal Care and Service Occupations,688295,808370,120075,17.45,13.14,14,39-1012,Slot Supervisors,1469,1463,-6,-0.41,14.44,15,0.56,-215,-6,NULL,Shrinking,-36,-1
39,Millennial,Personal Care and Service Occupations,1451425,1654558,203133,14,27.7,29,39-1012,Slot Supervisors,2082,1867,-215,-10.33,20.47,19,-1.47,-215,-6,NULL,Shrinking,-36,-1
19,Baby Boomer,"Life, Physical, and Social Science Occupations",189040,214879,25839,13.67,16.33,18,19-3041,Sociologists,292,357,65,22.26,11.57,13,1.43,107,65,2,Millennial Growth,18,11
19,Millennial,"Life, Physical, and Social Science Occupations",312140,328219,16079,5.15,26.96,27,19-3041,Sociologists,957,1064,107,11.18,37.92,39,1.08,107,65,2,Millennial Growth,18,11
47,Baby Boomer,Construction and Extraction Occupations,853148,827748,-25400,-2.98,10.49,12,47-2022,Stonemasons,2591,2037,-554,-21.38,9.66,11,1.34,-3003,-554,NULL,Shrinking,-501,-92
47,Millennial,Construction and Extraction Occupations,2494960,2016673,-478287,-19.17,30.68,29,47-2022,Stonemasons,8862,5859,-3003,-33.89,33.03,32,-1.03,-3003,-554,NULL,Shrinking,-501,-92
29,Baby Boomer,Healthcare Practitioners and Technical Occupations,1161066,1413668,252602,21.76,15.49,17,29-2055,Surgical Technologists,9202,11720,2518,27.36,9.92,12,2.08,3516,2518,2,Millennial Growth,586,420
29,Millennial,Healthcare Practitioners and Technical Occupations,1944312,2157397,213085,10.96,25.94,27,29-2055,Surgical Technologists,34670,38186,3516,10.14,37.38,39,1.62,3516,2518,2,Millennial Growth,586,420
53,Baby Boomer,Transportation and Material Moving Occupations,1374052,1505802,131750,9.59,13.78,16,53-7121,"Tank Car, Truck, and Ship Loaders",1992,2233,241,12.1,13.89,17,3.11,-434,241,-1,Millennial Exit,-72,40
53,Millennial,Transportation and Material Moving Occupations,2524305,2379228,-145077,-5.75,25.32,26,53-7121,"Tank Car, Truck, and Ship Loaders",3578,3144,-434,-12.13,24.94,24,-0.94,-434,241,-1,Millennial Exit,-72,40
13,Baby Boomer,Business and Financial Operations Occupations,1099023,1225149,126126,11.48,15.43,17,13-2081,"Tax Examiners and Collectors, and Revenue Agents",11647,12035,388,3.33,17.55,18,0.45,535,388,2,Millennial Growth,89,65
13,Millennial,Business and Financial Operations Occupations,1992479,1981010,-11469,-0.58,27.97,27,13-2081,"Tax Examiners and Collectors, and Revenue Agents",14458,14993,535,3.7,21.78,22,0.22,535,388,2,Millennial Growth,89,65
43,Baby Boomer,Office and Administrative Support Occupations,3591385,3937939,346554,9.65,14.97,17,43-2021,Telephone Operators,1950,2029,79,4.05,15.29,18,2.71,-639,79,-8,Millennial Exit,-107,13
43,Millennial,Office and Administrative Support Occupations,6630203,6389681,-240522,-3.63,27.63,27,43-2021,Telephone Operators,4095,3456,-639,-15.6,32.12,31,-1.12,-639,79,-8,Millennial Exit,-107,13
49,Baby Boomer,"Installation, Maintenance, and Repair Occupations",865447,946602,81155,9.38,14.61,17,49-3093,Tire Repairers and Changers,5658,6923,1265,22.36,5.79,7,1.21,5654,1265,5,Millennial Growth,942,211
49,Millennial,"Installation, Maintenance, and Repair Occupations",1453597,1378460,-75137,-5.17,24.53,24,49-3093,Tire Repairers and Changers,38169,43823,5654,14.81,39.07,43,3.93,5654,1265,5,Millennial Growth,942,211
33,Baby Boomer,Protective Service Occupations,549128,564740,15612,2.84,16.39,17,33-9093,Transportation Security Screeners,7954,9370,1416,17.8,17.95,18,0.05,1894,1416,2,Millennial Growth,316,236
33,Millennial,Protective Service Occupations,799790,828819,29029,3.63,23.88,24,33-9093,Transportation Security Screeners,10633,12527,1894,17.81,24,24,0,1894,1416,2,Millennial Growth,316,236
41,Baby Boomer,Sales and Related Occupations,2093226,2275446,182220,8.71,12.76,14,41-3041,Travel Agents,18214,16281,-1933,-10.61,19.5,22,2.5,-5307,-1933,NULL,Shrinking,-885,-322
41,Millennial,Sales and Related Occupations,4431037,4504482,73445,1.66,27.02,28,41-3041,Travel Agents,19261,13954,-5307,-27.55,20.62,18,-2.62,-5307,-1933,NULL,Shrinking,-885,-322
31,Millennial,Healthcare Support Occupations,1225658,1416322,190664,15.56,32.41,33,31-9096,Veterinary Assistants and Laboratory Animal Caretakers,32454,33009,555,1.71,39.64,41,1.36,555,1509,1,Millennial Exit,93,252
31,Baby Boomer,Healthcare Support Occupations,462450,584837,122387,26.46,12.23,14,31-9096,Veterinary Assistants and Laboratory Animal Caretakers,6957,8466,1509,21.69,8.5,11,2.5,555,1509,1,Millennial Exit,93,252
31,Millennial,Healthcare Support Occupations,1225658,1416322,190664,15.56,32.41,33,31-2022,Physical Therapist Aides,16308,20317,4009,24.58,38.38,40,1.62,4009,1171,4,Millennial Growth,668,195
31,Baby Boomer,Healthcare Support Occupations,462450,584837,122387,26.46,12.23,14,31-2022,Physical Therapist Aides,3131,4302,1171,37.4,7.37,9,1.63,4009,1171,4,Millennial Growth,668,195
31,Millennial,Healthcare Support Occupations,1225658,1416322,190664,15.56,32.41,33,31-2021,Physical Therapist Assistants,22455,28075,5620,25.03,37.38,39,1.62,5620,1865,4,Millennial Growth,937,311
31,Baby Boomer,Healthcare Support Occupations,462450,584837,122387,26.46,12.23,14,31-2021,Physical Therapist Assistants,4694,6559,1865,39.73,7.81,9,1.19,5620,1865,4,Millennial Growth,937,311
29,Baby Boomer,Healthcare Practitioners and Technical Occupations,1161066,1413668,252602,21.76,15.49,17,29-1071,Physician Assistants,8472,10870,2398,28.31,10.67,12,1.33,3676,2398,2,Millennial Growth,613,400
29,Millennial,Healthcare Practitioners and Technical Occupations,1944312,2157397,213085,10.96,25.94,27,29-1071,Physician Assistants,27315,30991,3676,13.46,34.39,35,0.61,3676,2398,2,Millennial Growth,613,400
51,Baby Boomer,Production Occupations,1461071,1531321,70250,4.81,14.43,17,51-6021,"Pressers, Textile, Garment, and Related Materials",8389,8654,265,3.16,13.51,16,2.49,-2228,265,-8,Millennial Exit,-371,44
51,Millennial,Production Occupations,2484504,2167981,-316523,-12.74,24.53,24,51-6021,"Pressers, Textile, Garment, and Related Materials",14555,12327,-2228,-15.31,23.45,23,-0.45,-2228,265,-8,Millennial Exit,-371,44
51,Millennial,Production Occupations,2484504,2167981,-316523,-12.74,24.53,24,51-5113,Print Binding and Finishing Workers,12517,8411,-4106,-32.8,17.88,16,-1.88,-4106,-1304,NULL,Shrinking,-684,-217
51,Baby Boomer,Production Occupations,1461071,1531321,70250,4.81,14.43,17,51-5113,Print Binding and Finishing Workers,11569,10265,-1304,-11.27,16.53,20,3.47,-4106,-1304,NULL,Shrinking,-684,-217
43,Millennial,Office and Administrative Support Occupations,6630203,6389681,-240522,-3.63,27.63,27,43-9081,Proofreaders and Copy Markers,3497,2908,-589,-16.84,23.25,21,-2.25,-589,27,-19,Millennial Exit,-98,5
43,Baby Boomer,Office and Administrative Support Occupations,3591385,3937939,346554,9.65,14.97,17,43-9081,Proofreaders and Copy Markers,3510,3537,27,0.77,23.33,26,2.67,-589,27,-19,Millennial Exit,-98,5
11,Millennial,Management Occupations,1555952,1461670,-94282,-6.06,18.59,18,11-9141,"Property, Real Estate, and Community Association Managers",44616,41522,-3094,-6.93,16.87,17,0.13,-3094,-1756,NULL,Shrinking,-516,-293
11,Baby Boomer,Management Occupations,1465399,1506812,41413,2.83,17.5,19,11-9141,"Property, Real Estate, and Community Association Managers",56164,54408,-1756,-3.13,21.24,22,0.76,-3094,-1756,NULL,Shrinking,-516,-293
31,Baby Boomer,Healthcare Support Occupations,462450,584837,122387,26.46,12.23,14,31-1013,Psychiatric Aides,12373,12731,358,2.89,15.4,16,0.6,571,358,2,Millennial Growth,95,60
31,Millennial,Healthcare Support Occupations,1225658,1416322,190664,15.56,32.41,33,31-1013,Psychiatric Aides,22447,23018,571,2.54,27.93,29,1.07,571,358,2,Millennial Growth,95,60
53,Millennial,Transportation and Material Moving Occupations,2524305,2379228,-145077,-5.75,25.32,26,53-7072,"Pump Operators, Except Wellhead Pumpers",3425,4125,700,20.44,28.17,30,1.83,700,466,2,Millennial Growth,117,78
53,Baby Boomer,Transportation and Material Moving Occupations,1374052,1505802,131750,9.59,13.78,16,53-7072,"Pump Operators, Except Wellhead Pumpers",1217,1683,466,38.29,10.01,13,2.99,700,466,2,Millennial Growth,117,78
29,Baby Boomer,Healthcare Practitioners and Technical Occupations,1161066,1413668,252602,21.76,15.49,17,29-2034,"Radiologic Technologists ",23094,30070,6976,30.21,12.75,15,2.25,7157,6976,2,Millennial Growth,1193,1163
29,Millennial,Healthcare Practitioners and Technical Occupations,1944312,2157397,213085,10.96,25.94,27,29-2034,"Radiologic Technologists ",53666,60823,7157,13.34,29.62,30,0.38,7157,6976,2,Millennial Growth,1193,1163
41,Millennial,Sales and Related Occupations,4431037,4504482,73445,1.66,27.02,28,41-9021,Real Estate Brokers,19785,16656,-3129,-15.82,17.1,17,-0.1,-3129,-3334,NULL,Shrinking,-522,-556
41,Baby Boomer,Sales and Related Occupations,2093226,2275446,182220,8.71,12.76,14,41-9021,Real Estate Brokers,26209,22875,-3334,-12.72,22.65,23,0.35,-3129,-3334,NULL,Shrinking,-522,-556
41,Baby Boomer,Sales and Related Occupations,2093226,2275446,182220,8.71,12.76,14,41-9022,Real Estate Sales Agents,127870,112902,-14968,-11.71,23.27,23,-0.27,-10272,-14968,NULL,Shrinking,-1712,-2495
41,Millennial,Sales and Related Occupations,4431037,4504482,73445,1.66,27.02,28,41-9022,Real Estate Sales Agents,89081,78809,-10272,-11.53,16.21,16,-0.21,-10272,-14968,NULL,Shrinking,-1712,-2495
43,Baby Boomer,Office and Administrative Support Occupations,3591385,3937939,346554,9.65,14.97,17,43-4171,Receptionists and Information Clerks,137940,167526,29586,21.45,13.67,16,2.33,14953,29586,1,Millennial Exit,2492,4931
43,Millennial,Office and Administrative Support Occupations,6630203,6389681,-240522,-3.63,27.63,27,43-4171,Receptionists and Information Clerks,321057,336010,14953,4.66,31.81,32,0.19,14953,29586,1,Millennial Exit,2492,4931
49,Millennial,"Installation, Maintenance, and Repair Occupations",1453597,1378460,-75137,-5.17,24.53,24,49-3092,Recreational Vehicle Service Technicians,4679,3779,-900,-19.23,31.53,32,0.47,-900,-8,NULL,Shrinking,-150,-1
49,Baby Boomer,"Installation, Maintenance, and Repair Occupations",865447,946602,81155,9.38,14.61,17,49-3092,Recreational Vehicle Service Technicians,1711,1703,-8,-0.47,11.53,14,2.47,-900,-8,NULL,Shrinking,-150,-1
51,Baby Boomer,Production Occupations,1461071,1531321,70250,4.81,14.43,17,51-4023,"Rolling Machine Setters, Operators, and Tenders, Metal and Plastic",7393,8203,810,10.96,18.41,23,4.59,-1295,810,-1,Millennial Exit,-216,135
51,Millennial,Production Occupations,2484504,2167981,-316523,-12.74,24.53,24,51-4023,"Rolling Machine Setters, Operators, and Tenders, Metal and Plastic",8055,6760,-1295,-16.08,20.06,19,-1.06,-1295,810,-1,Millennial Exit,-216,135
41,Millennial,Sales and Related Occupations,4431037,4504482,73445,1.66,27.02,28,41-9099,"Sales and Related Workers, All Other",34741,34571,-170,-0.49,23.01,22,-1.01,-170,4310,0,Millennial Exit,-28,718
41,Baby Boomer,Sales and Related Occupations,2093226,2275446,182220,8.71,12.76,14,41-9099,"Sales and Related Workers, All Other",25818,30128,4310,16.69,17.1,19,1.9,-170,4310,0,Millennial Exit,-28,718
19,Millennial,"Life, Physical, and Social Science Occupations",312140,328219,16079,5.15,26.96,27,19-4061,Social Science Research Assistants,9776,10102,326,3.33,35.99,36,0.01,326,407,1,Millennial Exit,54,68
19,Baby Boomer,"Life, Physical, and Social Science Occupations",189040,214879,25839,13.67,16.33,18,19-4061,Social Science Research Assistants,3344,3751,407,12.17,12.31,13,0.69,326,407,1,Millennial Exit,54,68
51,Baby Boomer,Production Occupations,1461071,1531321,70250,4.81,14.43,17,51-2041,Structural Metal Fabricators and Fitters,13642,14527,885,6.49,14.79,18,3.21,-3360,885,-3,Millennial Exit,-560,148
51,Millennial,Production Occupations,2484504,2167981,-316523,-12.74,24.53,24,51-2041,Structural Metal Fabricators and Fitters,21161,17801,-3360,-15.88,22.95,22,-0.95,-3360,885,-3,Millennial Exit,-560,148
21,Baby Boomer,Community and Social Service Occupations,419589,457468,37879,9.03,18.52,19,21-1011,Substance Abuse and Behavioral Disorder Counselors,13996,16712,2716,19.41,17.08,19,1.92,2929,2716,2,Millennial Growth,488,453
21,Millennial,Community and Social Service Occupations,571034,615626,44592,7.81,25.21,26,21-1011,Substance Abuse and Behavioral Disorder Counselors,25539,28468,2929,11.47,31.17,32,0.83,2929,2716,2,Millennial Growth,488,453
53,Baby Boomer,Transportation and Material Moving Occupations,1374052,1505802,131750,9.59,13.78,16,53-4041,Subway and Streetcar Operators,1410,1415,5,0.35,14.74,15,0.26,6,5,1,NULL,1,1
53,Millennial,Transportation and Material Moving Occupations,2524305,2379228,-145077,-5.75,25.32,26,53-4041,Subway and Streetcar Operators,1602,1608,6,0.37,16.74,16,-0.74,6,5,1,NULL,1,1
13,Baby Boomer,Business and Financial Operations Occupations,1099023,1225149,126126,11.48,15.43,17,13-2082,Tax Preparers,21025,23786,2761,13.13,23.8,26,2.2,-1406,2761,0,Millennial Exit,-234,460
13,Millennial,Business and Financial Operations Occupations,1992479,1981010,-11469,-0.58,27.97,27,13-2082,Tax Preparers,16560,15154,-1406,-8.49,18.75,16,-2.75,-1406,2761,0,Millennial Exit,-234,460
49,Millennial,"Installation, Maintenance, and Repair Occupations",1453597,1378460,-75137,-5.17,24.53,24,49-9052,Telecommunications Line Installers and Repairers,60852,50361,-10491,-17.24,38.71,36,-2.71,-10491,542,-19,Millennial Exit,-1749,90
49,Baby Boomer,"Installation, Maintenance, and Repair Occupations",865447,946602,81155,9.38,14.61,17,49-9052,Telecommunications Line Installers and Repairers,13297,13839,542,4.08,8.46,10,1.54,-10491,542,-19,Millennial Exit,-1749,90
43,Millennial,Office and Administrative Support Occupations,6630203,6389681,-240522,-3.63,27.63,27,43-3071,Tellers,232321,223846,-8475,-3.65,39.75,41,1.25,-8475,10299,0,Millennial Exit,-1413,1717
43,Baby Boomer,Office and Administrative Support Occupations,3591385,3937939,346554,9.65,14.97,17,43-3071,Tellers,67151,77450,10299,15.34,11.49,14,2.51,-8475,10299,0,Millennial Exit,-1413,1717
51,Millennial,Production Occupations,2484504,2167981,-316523,-12.74,24.53,24,51-6099,"Textile, Apparel, and Furnishings Workers, All Other",3976,3247,-729,-18.34,21.69,23,1.31,-729,-423,NULL,Shrinking,-122,-71
51,Baby Boomer,Production Occupations,1461071,1531321,70250,4.81,14.43,17,51-6099,"Textile, Apparel, and Furnishings Workers, All Other",2954,2531,-423,-14.32,16.12,18,1.88,-729,-423,NULL,Shrinking,-122,-71
29,Baby Boomer,Healthcare Practitioners and Technical Occupations,1161066,1413668,252602,21.76,15.49,17,29-1129,"Therapists, All Other",5190,5741,551,10.62,19.68,20,0.32,762,551,2,Millennial Growth,127,92
29,Millennial,Healthcare Practitioners and Technical Occupations,1944312,2157397,213085,10.96,25.94,27,29-1129,"Therapists, All Other",6869,7631,762,11.09,26.05,27,0.95,762,551,2,Millennial Growth,127,92
47,Millennial,Construction and Extraction Occupations,2494960,2016673,-478287,-19.17,30.68,29,47-2044,Tile and Marble Setters,26266,19322,-6944,-26.44,33.91,33,-0.91,-6944,-793,NULL,Shrinking,-1157,-132
47,Baby Boomer,Construction and Extraction Occupations,853148,827748,-25400,-2.98,10.49,12,47-2044,Tile and Marble Setters,5456,4663,-793,-14.53,7.04,8,0.96,-6944,-793,NULL,Shrinking,-1157,-132
27,Baby Boomer,"Arts, Design, Entertainment, Sports, and Media Occupations",355964,374103,18139,5.1,13.26,14,27-2023,"Umpires, Referees, and Other Sports Officials",2424,2773,349,14.4,11.88,13,1.12,646,349,2,Millennial Growth,108,58
27,Millennial,"Arts, Design, Entertainment, Sports, and Media Occupations",814043,788864,-25179,-3.09,30.31,30,27-2023,"Umpires, Referees, and Other Sports Officials",5446,6092,646,11.86,26.69,28,1.31,646,349,2,Millennial Growth,108,58
51,Millennial,Production Occupations,2484504,2167981,-316523,-12.74,24.53,24,51-8031,Water and Wastewater Treatment Plant and System Operators,22671,22604,-67,-0.3,20.83,21,0.17,-67,814,0,Millennial Exit,-11,136
51,Baby Boomer,Production Occupations,1461071,1531321,70250,4.81,14.43,17,51-8031,Water and Wastewater Treatment Plant and System Operators,19081,19895,814,4.27,17.53,18,0.47,-67,814,0,Millennial Exit,-11,136
51,Millennial,Production Occupations,2484504,2167981,-316523,-12.74,24.53,24,51-4122,"Welding, Soldering, and Brazing Machine Setters, Operators, and Tenders",17397,15025,-2372,-13.63,29.47,29,-0.47,-2372,425,-5,Millennial Exit,-395,71
51,Baby Boomer,Production Occupations,1461071,1531321,70250,4.81,14.43,17,51-4122,"Welding, Soldering, and Brazing Machine Setters, Operators, and Tenders",6981,7406,425,6.09,11.82,14,2.18,-2372,425,-5,Millennial Exit,-395,71
51,Millennial,Production Occupations,2484504,2167981,-316523,-12.74,24.53,24,51-7099,"Woodworkers, All Other",2576,1968,-608,-23.6,14.83,14,-0.83,-608,-309,NULL,Shrinking,-101,-52
51,Baby Boomer,Production Occupations,1461071,1531321,70250,4.81,14.43,17,51-7099,"Woodworkers, All Other",4043,3734,-309,-7.64,23.27,26,2.73,-608,-309,NULL,Shrinking,-101,-52
13,Baby Boomer,Business and Financial Operations Occupations,1099023,1225149,126126,11.48,15.43,17,13-1151,Training and Development Specialists,31167,38679,7512,24.1,14.7,17,2.3,4006,7512,1,Millennial Exit,668,1252
33,Baby Boomer,Protective Service Occupations,549128,564740,15612,2.84,16.39,17,33-3052,Transit and Railroad Police,1027,1042,15,1.46,22.94,23,0.06,-3,15,0,Millennial Exit,-1,3
33,Millennial,Protective Service Occupations,799790,828819,29029,3.63,23.88,24,33-3052,Transit and Railroad Police,674,671,-3,-0.45,15.05,15,-0.05,-3,15,0,Millennial Exit,-1,3
37,Millennial,Building and Grounds Cleaning and Maintenance Occupations,1333020,1386529,53509,4.01,22.97,23,37-3013,Tree Trimmers and Pruners,19516,19803,287,1.47,30.09,30,-0.09,287,690,1,Millennial Exit,48,115
37,Baby Boomer,Building and Grounds Cleaning and Maintenance Occupations,876401,966863,90462,10.32,15.1,16,37-3013,Tree Trimmers and Pruners,6066,6756,690,11.37,9.35,10,0.65,287,690,1,Millennial Exit,48,115
19,Baby Boomer,"Life, Physical, and Social Science Occupations",189040,214879,25839,13.67,16.33,18,19-1023,Zoologists and Wildlife Biologists,2913,3063,150,5.15,15.27,16,0.73,269,150,2,Millennial Growth,45,25
19,Millennial,"Life, Physical, and Social Science Occupations",312140,328219,16079,5.15,26.96,27,19-1023,Zoologists and Wildlife Biologists,5140,5409,269,5.23,26.95,27,0.05,269,150,2,Millennial Growth,45,25
49,Millennial,"Installation, Maintenance, and Repair Occupations",1453597,1378460,-75137,-5.17,24.53,24,49-9081,Wind Turbine Service Technicians,1021,1225,204,19.98,18.82,23,4.18,204,80,3,Millennial Growth,34,13
43,Millennial,Office and Administrative Support Occupations,6630203,6389681,-240522,-3.63,27.63,27,43-9022,Word Processors and Typists,29386,25787,-3599,-12.25,22.57,22,-0.57,-3599,-1934,NULL,Shrinking,-600,-322
43,Baby Boomer,Office and Administrative Support Occupations,3591385,3937939,346554,9.65,14.97,17,43-9022,Word Processors and Typists,22800,20866,-1934,-8.48,17.51,18,0.49,-3599,-1934,NULL,Shrinking,-600,-322
